timestamp,X1,X2,Y1,Y2,D1,D2,Z1,Z2,id
2024-07-26 16:04:05,168.94,167.81,166.50,129.00,104.44,10.31,24.56,27.38,1
2024-07-26 16:06:57,169.31,171.94,164.06,155.81,102.00,9.94,25.50,29.63,2
2024-07-26 16:07:02,0.00,0.00,0.00,0.00,0.00,0.00,0.00,0.00,3
2024-07-26 16:11:23,173.63,179.25,163.31,108.38,105.00,9.94,24.00,28.31,4
2024-07-26 16:11:38,172.50,177.38,163.69,149.81,104.25,9.56,23.63,27.75,5
2024-07-26 16:11:46,0.00,0.00,0.00,0.00,0.00,0.00,0.00,0.00,6
2024-07-26 16:12:01,174.00,177.38,164.25,126.94,103.69,9.38,23.63,27.38,7
2024-07-26 16:12:07,0.00,0.00,0.00,0.00,0.00,0.00,0.00,0.00,8
2024-07-26 16:12:22,173.81,177.00,165.75,113.63,104.44,10.31,24.38,27.38,9
2024-07-26 16:12:27,0.00,0.00,0.00,0.00,0.00,0.00,0.00,0.00,10
2024-07-26 16:12:43,175.50,173.81,164.63,126.75,104.06,9.00,24.00,26.81,11
2024-07-26 16:12:48,0.00,0.00,0.00,0.00,0.00,0.00,0.00,0.00,12
2024-07-26 16:13:04,176.81,173.63,165.00,125.06,104.81,10.13,24.19,26.81,13
2024-07-26 16:13:09,0.00,0.00,0.00,0.00,0.00,0.00,0.00,0.00,14
2024-07-26 16:13:24,176.63,170.44,164.81,129.94,105.38,10.50,24.19,26.44,15
2024-07-26 16:13:29,0.00,0.00,0.00,0.00,0.00,0.00,0.00,0.00,16
2024-07-26 16:13:45,176.81,168.38,163.31,120.94,104.63,11.25,24.00,26.63,17
2024-07-26 16:13:50,0.00,0.00,0.00,0.00,0.00,0.00,0.00,0.00,18
2024-07-26 16:14:05,176.63,169.50,164.63,119.81,105.19,8.63,25.88,26.63,19
2024-07-26 16:14:11,0.00,0.00,0.00,0.00,0.00,0.00,0.00,0.00,20
2024-07-26 16:14:27,177.56,169.13,164.44,130.69,105.38,9.56,23.63,26.63,21
2024-07-26 16:14:32,0.00,0.00,0.00,0.00,0.00,0.00,0.00,0.00,22
2024-07-26 16:14:48,176.44,168.19,166.50,120.38,103.69,9.75,23.25,26.81,23
2024-07-26 16:14:53,0.00,0.00,0.00,0.00,0.00,0.00,0.00,0.00,24
2024-07-26 16:15:09,176.06,168.00,166.69,120.19,105.94,9.19,23.81,26.63,25
2024-07-26 16:15:48,177.75,168.94,166.13,114.19,105.38,10.13,24.75,26.44,26
2024-07-26 16:15:54,0.00,0.00,0.00,0.00,0.00,0.00,0.00,0.00,27
2024-07-26 16:16:09,175.31,169.31,167.25,114.56,105.00,10.69,23.44,26.81,28
2024-07-26 16:16:14,0.00,0.00,0.00,0.00,0.00,0.00,0.00,0.00,29
2024-07-26 16:16:29,177.19,170.81,164.06,124.88,104.06,10.13,24.19,27.00,30
2024-07-26 16:16:35,0.00,0.00,0.00,0.00,0.00,0.00,0.00,0.00,31
2024-07-26 16:17:54,176.25,177.94,163.31,121.13,105.00,11.44,24.38,28.69,32
2024-07-26 16:18:21,174.75,178.13,161.63,108.94,103.31,9.75,24.19,29.63,33
2024-07-26 16:18:51,174.75,178.69,161.63,103.50,101.81,10.13,23.81,29.63,34
2024-07-26 16:19:21,174.38,175.13,163.13,90.94,101.63,11.25,24.00,29.25,35
2024-07-26 16:19:51,174.19,171.56,163.31,111.19,101.81,9.38,24.38,28.69,36
2024-07-26 16:20:21,172.13,169.69,163.31,113.06,101.06,10.31,26.63,27.56,37
2024-07-26 16:20:51,170.63,165.94,165.75,123.00,101.63,9.56,23.81,26.81,38
2024-07-26 16:21:21,171.56,166.13,168.00,112.50,102.19,10.69,24.94,26.63,39
2024-07-26 16:21:51,169.31,167.81,166.50,120.00,102.56,12.00,24.38,26.63,40
2024-07-26 16:22:21,171.19,168.00,168.00,104.63,103.50,9.38,25.31,26.81,41
2024-07-26 16:22:51,169.69,170.63,165.19,109.69,103.50,9.56,25.31,26.81,42
2024-07-26 16:23:21,169.31,171.19,165.56,108.56,103.50,9.94,23.44,26.81,43
2024-07-26 16:23:51,169.69,169.88,165.00,227.81,102.19,9.94,23.63,26.63,44
2024-07-26 16:24:21,170.25,171.75,165.56,227.81,105.19,9.38,25.31,26.63,45
2024-07-26 16:24:51,169.50,171.38,165.75,227.81,103.69,10.88,24.56,26.81,46
2024-07-26 16:25:21,170.25,166.88,165.94,227.81,103.31,9.38,24.00,27.19,47
2024-07-26 16:25:52,168.19,167.63,166.50,228.94,103.88,11.63,25.13,27.75,48
2024-07-26 16:26:22,168.94,167.06,165.94,213.38,102.00,9.75,24.19,28.13,49
2024-07-26 16:26:52,169.69,167.63,163.88,227.44,100.88,9.75,24.75,28.31,50
2024-07-26 16:27:22,168.56,168.19,164.25,227.63,101.81,9.56,24.75,28.88,51
2024-07-26 16:27:52,168.19,167.81,162.56,227.44,101.44,9.75,24.00,29.25,52
2024-07-26 16:28:22,168.94,169.88,162.75,228.38,100.69,10.13,23.81,29.44,53
2024-07-26 16:28:52,169.13,170.81,163.13,227.81,100.13,8.63,24.94,29.63,54
2024-07-26 16:29:22,168.75,173.25,163.69,227.63,100.31,9.94,25.50,29.63,55
2024-07-26 16:29:52,169.13,175.13,160.31,226.88,100.31,10.13,24.00,29.81,56
2024-07-26 16:30:22,169.31,174.94,162.38,227.25,99.94,11.06,24.75,29.63,57
2024-07-26 16:30:52,169.69,176.44,162.38,227.44,101.06,10.88,24.38,29.44,58
2024-07-26 16:31:22,169.88,177.38,160.50,109.13,100.31,9.38,25.13,29.06,59
2024-07-26 16:31:53,169.31,178.31,161.44,109.88,101.44,8.81,24.56,28.88,60
2024-07-26 16:32:23,170.44,179.63,161.44,100.88,102.38,9.38,24.56,28.31,61
2024-07-26 16:32:53,170.25,179.81,162.38,115.50,101.63,10.31,24.56,27.75,62
2024-07-26 16:33:23,170.06,179.06,162.56,68.81,103.31,10.31,24.38,27.19,63
2024-07-26 16:33:53,172.69,178.88,162.19,104.81,102.56,11.06,24.00,27.00,64
2024-07-26 16:34:23,172.13,175.31,163.50,78.00,103.13,10.88,24.38,26.63,65
2024-07-26 16:34:54,172.88,174.00,164.06,92.06,102.75,9.38,24.38,26.44,66
2024-07-26 16:35:24,173.25,172.31,164.25,67.69,103.31,10.13,24.94,26.44,67
2024-07-26 16:35:53,172.69,170.25,165.94,78.00,102.75,9.56,23.81,26.44,68
2024-07-26 16:36:24,173.06,169.13,165.19,55.31,103.31,9.75,26.44,26.63,69
2024-07-26 16:36:54,174.94,166.31,165.75,78.94,103.69,9.75,24.00,26.81,70
2024-07-26 16:37:24,174.75,166.50,164.44,74.06,102.56,11.63,23.63,27.00,71
2024-07-26 16:37:54,175.13,165.19,165.56,76.69,102.75,9.94,22.69,27.38,72
2024-07-26 16:38:28,176.06,164.06,165.19,77.25,102.00,10.13,24.38,27.75,73
2024-07-26 16:38:54,174.19,164.44,165.38,86.63,103.31,9.19,23.25,27.75,74
2024-07-26 16:39:24,175.50,164.44,168.56,82.50,101.81,8.81,23.44,27.56,75
2024-07-26 16:39:54,175.50,166.31,166.88,105.38,102.56,10.31,23.63,27.19,76
2024-07-26 16:40:25,175.13,166.69,166.50,109.31,102.00,9.56,23.81,26.63,77
2024-07-26 16:40:55,174.38,166.88,168.00,109.88,102.19,11.25,22.69,26.44,78
2024-07-26 16:41:25,174.75,169.13,166.88,89.44,102.00,11.06,23.25,26.81,79
2024-07-26 16:41:56,176.25,174.38,165.75,83.06,103.31,9.94,23.63,27.38,80
2024-07-26 16:42:25,174.75,174.94,165.38,92.44,102.94,10.50,25.31,28.50,81
2024-07-26 16:42:55,174.00,178.31,164.81,108.56,101.81,9.19,24.56,29.06,82
2024-07-26 16:43:25,172.69,178.31,164.44,103.31,100.13,10.31,24.38,29.44,83
2024-07-26 16:43:55,174.00,176.06,164.25,80.44,100.13,8.81,24.94,29.25,84
2024-07-26 16:44:29,171.00,172.69,165.38,75.56,99.38,9.75,23.81,28.50,85
2024-07-26 16:44:59,171.19,168.75,165.94,83.81,99.38,9.38,25.69,27.19,86
2024-07-26 16:45:28,171.56,166.69,166.69,58.69,98.25,9.94,24.19,26.63,87
2024-07-26 16:45:55,170.81,165.56,167.25,82.13,99.75,9.75,23.63,26.44,88
2024-07-26 16:46:26,170.06,166.31,168.19,73.88,99.19,10.31,24.00,26.44,89
2024-07-26 16:46:56,170.25,167.44,165.56,83.81,100.88,9.75,24.19,26.44,90
2024-07-26 16:47:26,169.31,169.13,164.81,89.44,100.31,11.81,24.00,26.25,91
2024-07-26 16:47:56,167.25,167.44,165.75,76.50,99.75,11.06,24.19,26.44,92
2024-07-26 16:48:26,169.13,167.63,166.69,55.88,101.25,10.31,24.19,26.44,93
2024-07-26 16:48:56,169.88,167.63,165.38,86.63,100.31,10.31,24.56,26.81,94
2024-07-26 16:49:26,168.38,166.50,166.50,85.69,102.19,10.31,24.38,27.00,95
2024-07-26 16:49:56,168.94,165.56,167.81,58.88,100.69,9.00,24.38,27.56,96
2024-07-26 16:50:26,168.56,165.75,169.69,55.88,100.13,9.56,25.31,27.75,97
2024-07-26 16:50:56,168.19,166.50,165.38,87.75,100.50,12.38,24.56,28.13,98
2024-07-26 16:51:26,168.56,165.56,167.25,82.88,99.94,10.13,25.31,28.50,99
2024-07-26 16:51:56,168.19,165.75,166.88,103.13,99.56,10.31,24.75,28.88,100
2024-07-26 16:52:26,167.25,167.63,166.50,103.50,100.50,10.50,24.94,29.06,101
2024-07-26 16:52:56,166.88,167.81,167.81,90.00,100.13,9.94,26.25,29.44,102
2024-07-26 16:53:27,165.94,169.13,165.56,93.94,100.13,9.94,24.00,29.63,103
2024-07-26 16:53:57,167.06,171.94,167.44,103.13,98.63,8.63,23.63,29.63,104
2024-07-26 16:54:27,165.75,170.63,166.50,109.88,98.44,9.56,24.56,29.63,105
2024-07-26 16:54:57,167.06,173.81,165.75,93.19,99.56,10.50,24.38,29.81,106
2024-07-26 16:55:27,166.50,174.19,165.19,102.94,98.81,9.94,24.56,29.63,107
2024-07-26 16:55:57,166.69,174.94,165.94,99.75,99.19,9.94,23.44,29.44,108
2024-07-26 16:56:27,167.63,178.50,165.19,107.44,99.19,9.56,23.44,29.06,109
2024-07-26 16:56:57,166.88,177.00,164.81,89.63,101.44,9.75,24.94,28.88,110
2024-07-26 16:57:27,168.56,177.19,167.06,108.00,100.69,9.94,24.00,28.31,111
2024-07-26 16:57:57,167.81,177.56,165.38,130.13,101.63,9.56,23.63,28.13,112
2024-07-26 16:58:27,167.63,177.75,166.88,123.00,101.63,9.56,24.00,27.56,113
2024-07-26 16:58:57,168.75,177.56,165.75,96.38,102.00,9.94,23.63,27.38,114
2024-07-26 16:59:27,169.13,174.38,165.56,108.38,102.75,10.31,24.19,27.00,115
2024-07-26 16:59:57,170.25,175.13,164.44,94.88,102.38,9.94,22.69,26.63,116
2024-07-26 17:00:28,169.69,172.50,166.13,92.63,102.00,9.56,23.63,26.44,117
2024-07-26 17:00:58,171.38,172.69,167.44,90.38,101.44,10.31,23.63,26.44,118
2024-07-26 17:01:28,172.31,169.13,166.50,98.44,103.31,11.06,24.00,26.44,119
2024-07-26 17:01:58,172.31,169.88,166.69,99.94,102.38,9.56,24.94,26.81,120
2024-07-26 17:02:28,171.38,166.13,165.00,91.50,102.38,9.38,23.63,26.63,121
2024-07-26 17:02:58,173.81,166.69,165.00,86.06,101.81,9.56,24.00,27.00,122
2024-07-26 17:03:28,175.13,166.31,165.19,93.38,100.88,10.13,23.06,27.19,123
2024-07-26 17:03:58,176.44,167.25,166.31,95.06,101.25,9.94,23.44,27.38,124
2024-07-26 17:04:28,174.00,166.50,165.00,106.31,101.44,9.56,24.56,27.38,125
2024-07-26 17:04:58,175.13,167.25,165.75,97.31,101.25,11.63,22.88,26.81,126
2024-07-26 17:05:29,174.94,166.88,167.81,118.88,100.31,9.56,24.38,26.63,127
2024-07-26 17:05:59,174.56,169.69,164.44,113.63,102.19,9.94,24.38,26.44,128
2024-07-26 17:06:29,174.75,172.88,165.00,120.75,100.31,11.25,23.63,26.81,129
2024-07-26 17:06:59,173.44,175.31,162.94,136.50,100.69,10.31,25.50,27.19,130
2024-07-26 17:07:29,174.94,178.88,163.69,125.44,101.06,10.13,24.00,28.50,131
2024-07-26 17:07:59,173.81,178.50,162.56,123.19,100.13,9.38,23.81,29.44,132
2024-07-26 17:08:29,174.19,180.00,162.19,141.00,100.88,10.88,25.13,29.81,133
2024-07-26 17:08:59,172.31,177.56,162.56,109.31,98.06,10.50,24.75,29.25,134
2024-07-26 17:09:29,173.44,174.75,162.75,112.50,98.25,11.06,25.88,28.69,135
2024-07-26 17:09:59,171.94,170.06,163.69,94.88,97.50,9.94,24.38,27.56,136
2024-07-26 17:10:29,171.19,166.31,164.06,97.31,97.31,10.31,24.00,26.63,137
2024-07-26 17:10:59,168.75,166.88,164.44,99.19,99.38,9.19,24.00,26.25,138
2024-07-26 17:11:29,169.69,165.94,168.00,98.81,99.94,9.56,23.63,26.44,139
2024-07-26 17:11:59,167.25,167.81,166.50,87.94,99.94,10.50,22.88,26.44,140
2024-07-26 17:12:30,168.94,168.56,167.63,87.56,100.13,11.06,23.63,26.44,141
2024-07-26 17:13:00,167.44,167.06,166.69,76.31,100.88,10.50,23.81,26.44,142
2024-07-26 17:13:30,167.81,167.44,169.31,81.00,100.50,9.56,24.00,26.44,143
2024-07-26 17:14:00,168.00,166.13,171.38,85.31,102.00,11.25,24.00,26.81,144
2024-07-26 17:14:30,165.94,165.19,169.31,80.81,100.88,11.06,24.94,27.00,145
2024-07-26 17:15:00,165.38,163.69,171.56,104.25,99.56,10.31,25.13,27.19,146
2024-07-26 17:15:30,165.75,163.69,170.81,99.38,101.25,10.31,24.38,27.38,147
2024-07-26 17:16:00,165.75,163.31,172.31,99.56,99.94,10.13,24.38,27.56,148
2024-07-26 17:16:30,163.88,163.69,169.50,81.19,100.50,11.25,24.00,28.31,149
2024-07-26 17:17:00,163.69,162.75,169.88,102.56,99.75,9.19,24.75,28.69,150
2024-07-26 17:17:30,165.38,163.88,169.88,92.81,98.81,9.56,24.19,29.06,151
2024-07-26 17:18:01,166.31,165.19,167.63,137.81,99.94,10.69,23.63,29.25,152
2024-07-26 17:18:31,163.50,164.81,168.56,98.44,99.56,9.19,23.44,29.25,153
2024-07-26 17:19:01,165.38,167.44,167.63,109.31,98.81,10.13,24.56,29.44,154
2024-07-26 17:19:31,164.81,168.56,166.69,85.31,99.00,9.38,24.56,29.63,155
2024-07-26 17:20:01,165.00,169.88,168.94,82.69,99.19,9.19,24.00,29.63,156
2024-07-26 17:20:31,166.50,170.44,166.31,115.50,98.63,8.44,23.25,29.44,157
2024-07-26 17:21:01,164.63,174.19,165.94,94.69,98.63,10.13,23.63,29.44,158
2024-07-26 17:21:31,165.38,175.31,165.00,105.56,98.06,8.81,23.63,29.25,159
2024-07-26 17:22:01,165.38,175.50,165.00,99.00,99.00,10.13,23.63,28.88,160
2024-07-26 17:22:32,166.50,176.81,163.88,99.75,98.81,10.13,24.56,28.69,161
2024-07-26 17:23:02,165.75,177.56,164.06,111.75,100.88,9.75,25.13,28.31,162
2024-07-26 17:23:32,166.50,179.25,165.38,125.25,101.44,10.69,23.81,27.75,163
2024-07-26 17:24:02,168.19,177.75,165.75,122.63,101.25,9.75,23.44,27.75,164
2024-07-26 17:24:32,168.38,178.31,165.38,115.13,101.81,9.75,23.81,27.19,165
2024-07-26 17:25:02,167.06,174.19,166.13,121.50,104.81,10.88,23.44,26.81,166
2024-07-26 17:25:32,168.94,174.38,168.00,105.75,102.75,10.31,24.75,26.81,167
2024-07-26 17:26:02,168.94,174.19,165.19,117.38,103.88,10.50,24.56,26.44,168
2024-07-26 17:26:32,168.56,171.75,165.75,97.88,103.50,9.56,22.69,26.25,169
2024-07-26 17:27:02,170.81,169.31,165.19,107.44,103.13,10.69,24.38,26.44,170
2024-07-26 17:27:32,170.81,168.75,164.44,107.81,102.38,9.56,24.38,26.44,171
2024-07-26 17:28:03,170.06,171.00,166.13,100.13,102.38,9.75,26.81,26.44,172
2024-07-26 17:28:33,171.19,170.81,164.44,103.50,103.88,9.56,23.06,26.44,173
2024-07-26 17:29:03,172.13,175.13,163.88,93.94,103.50,9.38,25.13,26.81,174
2024-07-26 17:29:33,171.19,175.88,163.31,93.38,101.81,11.81,23.06,27.75,175
2024-07-26 17:30:03,170.81,178.31,162.75,89.25,102.75,10.31,25.13,28.88,176
2024-07-26 17:30:33,170.25,180.00,162.00,97.50,101.06,10.88,23.63,29.44,177
2024-07-26 17:31:03,172.50,178.50,162.38,97.31,101.25,10.31,23.81,29.63,178
2024-07-26 17:31:33,170.25,177.56,162.19,108.94,98.63,8.81,24.38,29.44,179
2024-07-26 17:32:03,170.44,175.31,164.06,99.00,99.56,9.94,24.56,28.69,180
2024-07-26 17:32:33,168.56,169.50,163.31,107.81,97.69,10.13,24.00,27.56,181
2024-07-26 17:33:03,167.06,167.63,164.81,120.19,99.38,10.31,25.13,26.63,182
2024-07-26 17:33:33,167.44,166.50,166.13,116.63,99.19,10.31,24.19,26.44,183
2024-07-26 17:34:03,167.44,168.19,167.06,94.13,99.56,9.94,24.19,26.44,184
2024-07-26 17:34:33,168.19,169.50,166.88,76.50,101.44,10.31,23.44,26.44,185
2024-07-26 17:35:04,166.69,170.81,165.75,88.88,99.56,10.13,23.44,26.81,186
2024-07-26 17:35:34,166.13,169.69,167.44,105.19,101.06,10.50,23.81,26.63,187
2024-07-26 17:36:04,167.06,169.50,168.94,97.13,100.31,9.94,23.25,26.44,188
2024-07-26 17:36:34,168.00,169.69,167.06,102.94,101.44,10.13,23.81,26.44,189
2024-07-26 17:37:04,166.50,167.25,171.38,120.94,100.13,10.88,23.25,26.44,190
2024-07-26 17:37:34,165.75,166.50,170.81,89.63,100.50,10.88,24.38,26.25,191
2024-07-26 17:38:04,165.94,166.13,170.81,82.88,101.06,9.56,23.25,26.63,192
2024-07-26 17:38:34,165.19,165.00,173.06,78.38,100.69,10.13,24.56,26.81,193
2024-07-26 17:39:04,166.13,165.19,170.06,74.25,101.06,10.13,25.13,27.19,194
2024-07-26 17:39:34,168.94,165.94,168.94,99.38,100.50,10.13,24.19,27.38,195
2024-07-26 17:40:04,167.25,164.81,169.69,94.69,99.56,12.00,24.00,27.75,196
2024-07-26 17:40:34,164.81,162.75,169.50,81.75,99.38,10.69,23.63,28.13,197
2024-07-26 17:41:04,164.63,160.69,170.63,92.63,98.81,9.94,24.00,28.50,198
2024-07-26 17:41:35,165.56,161.81,169.31,85.31,99.94,9.00,25.31,28.88,199
2024-07-26 17:42:05,164.25,163.31,168.75,102.19,98.44,9.38,24.19,29.06,200
2024-07-26 17:42:35,164.63,165.75,168.38,117.56,98.44,9.38,23.44,29.25,201
2024-07-26 17:43:05,165.38,167.63,167.63,111.94,99.75,9.38,24.56,29.63,202
2024-07-26 17:43:35,165.75,172.69,166.69,97.69,97.69,9.19,24.19,29.81,203
2024-07-26 17:44:05,165.94,171.94,165.00,90.56,99.94,9.94,24.38,29.63,204
2024-07-26 17:44:35,166.13,172.69,166.13,114.19,98.25,9.56,23.81,29.63,205
2024-07-26 17:45:05,164.25,174.38,165.00,87.94,101.25,9.75,24.38,29.44,206
2024-07-26 17:45:35,165.94,174.94,165.56,121.88,99.00,10.13,23.44,29.06,207
2024-07-26 17:46:05,165.19,176.63,166.88,114.00,99.00,10.31,25.50,29.06,208
2024-07-26 17:46:35,164.44,176.06,167.25,109.69,99.00,9.75,24.56,28.69,209
2024-07-26 17:47:05,165.00,176.44,166.50,110.63,100.88,10.50,23.63,28.31,210
2024-07-26 17:47:35,165.19,174.75,166.69,96.94,100.69,9.56,23.81,27.75,211
2024-07-26 17:48:05,166.13,174.19,165.94,115.88,101.63,10.13,24.38,27.56,212
2024-07-26 17:48:35,165.19,176.81,165.75,104.25,102.19,9.38,24.75,27.00,213
2024-07-26 17:49:05,166.50,172.88,165.19,104.06,101.81,9.94,24.94,26.63,214
2024-07-26 17:49:35,167.06,173.63,166.69,105.75,101.81,9.94,23.63,26.44,215
2024-07-26 17:50:05,72.00,168.75,168.19,229.31,102.19,9.56,25.31,26.44,216
2024-07-26 17:50:36,60.56,168.56,167.06,228.94,101.44,117.38,23.81,26.63,217
2024-07-26 17:51:06,46.31,167.63,166.50,229.13,101.44,119.63,23.81,26.63,218
2024-07-26 17:51:36,63.94,167.25,164.25,228.38,102.94,10.13,23.63,26.81,219
2024-07-26 17:52:06,162.56,168.38,163.88,227.06,101.06,9.75,22.50,27.00,220
2024-07-26 17:52:36,56.81,168.19,164.06,228.56,101.25,11.63,23.63,26.44,221
2024-07-26 17:53:06,44.44,169.50,167.44,230.81,102.19,10.13,23.44,26.44,222
2024-07-26 17:53:36,42.19,171.19,163.31,227.44,100.31,11.44,23.25,27.00,223
2024-07-26 17:54:06,60.94,172.88,164.63,228.75,100.69,10.69,23.81,27.38,224
2024-07-26 17:54:36,67.13,176.06,162.75,228.38,102.19,11.63,24.19,28.31,225
2024-07-26 17:55:06,69.19,178.31,161.25,227.81,99.75,9.19,24.56,29.06,226
2024-07-26 17:55:36,63.00,177.94,161.06,226.50,100.31,10.69,23.06,29.63,227
2024-07-26 17:56:06,63.56,177.19,160.50,227.06,97.88,9.19,23.63,29.44,228
2024-07-26 17:56:36,59.44,173.06,160.88,226.69,97.13,9.00,23.63,28.50,229
2024-07-26 17:57:06,57.94,169.88,164.06,228.19,98.81,9.56,24.38,27.75,230
2024-07-26 17:57:36,47.81,166.13,163.88,227.44,96.19,9.94,24.75,26.81,231
2024-07-26 17:58:06,56.25,165.94,164.25,227.25,96.75,10.31,24.56,26.44,232
2024-07-26 17:58:36,62.06,167.81,165.75,227.63,98.06,10.31,24.56,26.63,233
2024-07-26 17:59:07,62.25,168.56,166.13,230.63,98.25,11.06,24.75,26.63,234
2024-07-26 17:59:37,55.88,168.56,168.19,230.25,98.81,9.00,23.63,26.81,235
2024-07-26 18:00:07,57.94,169.31,166.50,229.69,99.56,10.69,24.19,26.63,236
2024-07-26 18:00:37,78.75,168.56,167.06,229.88,99.94,9.56,24.00,26.44,237
2024-07-26 18:01:12,81.00,168.19,169.31,231.56,100.50,10.69,23.44,26.63,238
2024-07-26 18:01:37,60.75,168.56,165.00,229.50,98.06,9.38,24.00,26.25,239
2024-07-26 18:02:07,66.19,169.13,167.25,230.63,99.94,10.69,24.00,26.63,240
2024-07-26 18:02:37,83.25,167.06,167.06,229.31,97.50,9.56,24.38,26.63,241
2024-07-26 18:03:07,65.25,165.00,168.94,230.81,99.38,10.13,24.75,26.63,242
2024-07-26 18:03:37,52.13,164.81,166.69,230.25,99.75,11.06,24.75,27.00,243
2024-07-26 18:04:07,63.94,165.00,168.94,232.50,98.25,10.88,24.19,27.19,244
2024-07-26 18:04:37,64.50,164.63,168.38,232.69,98.81,10.50,23.25,27.75,245
2024-07-26 18:05:07,65.63,164.25,168.00,231.19,97.50,10.31,25.13,27.94,246
2024-07-26 18:05:37,60.38,165.56,167.81,230.81,97.88,11.06,24.38,28.31,247
2024-07-26 18:06:07,44.44,165.75,165.56,230.25,96.94,9.56,24.38,28.88,248
2024-07-26 18:06:37,64.13,167.06,165.56,230.25,97.31,11.25,25.13,29.06,249
2024-07-26 18:07:11,61.50,166.88,166.31,231.94,96.94,10.13,24.38,29.44,250
2024-07-26 18:07:38,54.38,167.63,165.94,230.63,96.75,11.06,24.94,29.63,251
2024-07-26 18:08:08,57.94,170.44,164.81,231.56,96.00,9.56,24.00,29.63,252
2024-07-26 18:08:38,35.44,169.88,165.75,232.31,96.00,9.94,24.00,29.63,253
2024-07-26 18:09:08,67.69,171.75,165.19,231.00,96.00,10.50,24.00,29.44,254
2024-07-26 18:09:38,67.69,171.00,165.00,231.94,96.00,9.38,24.56,29.25,255
2024-07-26 18:10:08,76.13,173.44,165.56,231.19,96.38,9.38,24.56,29.06,256
2024-07-26 18:10:38,62.81,175.50,166.31,231.00,98.44,9.94,25.13,29.06,257
2024-07-26 18:11:08,58.69,177.56,165.38,230.25,97.88,10.50,24.75,28.50,258
2024-07-26 18:11:38,55.31,174.75,166.31,230.44,96.75,9.94,23.63,28.13,259
2024-07-26 18:12:08,75.19,175.13,167.06,229.88,99.56,10.50,24.00,27.56,260
2024-07-26 18:12:38,63.00,175.31,167.81,230.06,98.63,10.88,24.19,27.38,261
2024-07-26 18:13:08,35.81,173.63,167.06,229.88,99.19,9.75,23.81,27.00,262
2024-07-26 18:13:38,43.88,172.88,165.75,229.13,99.38,10.50,24.19,26.63,263
2024-07-26 18:14:08,47.81,172.69,168.00,229.13,98.25,11.06,23.25,26.44,264
2024-07-26 18:14:38,24.19,168.94,165.94,227.81,100.31,10.88,24.38,26.25,265
2024-07-26 18:15:09,31.13,170.63,165.38,227.06,101.06,10.13,24.38,26.06,266
2024-07-26 18:15:39,16.13,168.38,163.69,226.13,99.94,9.75,22.88,26.44,267
2024-07-26 18:16:09,22.50,166.50,166.13,226.88,98.81,10.13,23.81,26.44,268
2024-07-26 18:16:39,8.63,166.13,164.81,226.69,99.94,11.25,23.44,26.63,269
2024-07-26 18:17:09,20.63,166.13,163.69,227.06,98.81,9.94,23.63,26.25,270
2024-07-26 18:17:39,13.50,168.38,163.88,225.94,99.56,10.69,23.44,26.25,271
2024-07-26 18:18:09,34.13,171.19,162.19,225.00,100.31,10.50,24.19,26.81,272
2024-07-26 18:18:39,24.00,173.25,162.56,226.69,99.38,10.50,23.81,27.38,273
2024-07-26 18:19:09,37.31,175.69,162.00,226.69,98.81,10.13,23.63,28.50,274
2024-07-26 18:19:39,28.69,178.88,161.25,225.38,98.63,10.50,23.44,29.44,275
2024-07-26 18:20:09,23.63,178.31,160.13,224.63,98.44,10.69,24.00,29.63,276
2024-07-26 18:20:39,36.75,176.06,161.81,225.38,97.31,10.88,23.63,29.25,277
2024-07-26 18:21:09,20.81,173.44,162.38,226.88,96.00,10.31,24.38,28.50,278
2024-07-26 18:21:39,47.63,170.25,161.25,226.88,95.06,9.94,24.19,27.56,279
2024-07-26 18:22:09,29.06,167.81,163.88,227.81,94.13,10.50,24.75,26.81,280
2024-07-26 18:22:39,45.75,165.00,164.63,226.88,96.56,12.19,23.44,26.44,281
2024-07-26 18:23:09,27.56,166.88,164.63,228.38,97.31,9.94,22.88,26.44,282
2024-07-26 18:23:40,40.13,165.75,164.25,227.63,97.50,9.56,24.00,26.44,283
2024-07-26 18:24:10,28.69,167.63,165.75,228.75,96.75,10.50,23.44,26.63,284
2024-07-26 18:24:40,40.69,166.31,167.25,228.94,97.13,10.13,23.81,26.44,285
2024-07-26 18:25:10,17.06,168.56,167.06,229.69,98.06,9.94,24.19,26.44,286
2024-07-26 18:25:40,42.00,168.00,167.06,230.81,97.31,10.69,24.56,26.25,287
2024-07-26 18:26:10,50.44,167.44,168.56,230.63,98.81,11.25,24.94,26.25,288
2024-07-26 18:26:40,35.44,167.44,167.81,230.63,98.63,10.50,24.19,26.44,289
2024-07-26 18:27:10,43.69,166.31,168.56,231.56,99.19,10.31,24.19,26.63,290
2024-07-26 18:27:40,27.75,165.75,167.81,231.56,98.44,9.56,23.06,26.81,291
2024-07-26 18:28:10,43.50,165.75,168.38,230.44,96.75,10.88,24.19,27.00,292
2024-07-26 18:28:40,16.50,166.50,165.94,229.69,97.50,9.94,23.81,27.38,293
2024-07-26 18:29:10,51.75,163.69,167.44,231.00,97.69,10.88,23.63,27.56,294
2024-07-26 18:29:43,38.81,163.13,167.63,231.38,98.63,11.06,24.00,27.94,295
2024-07-26 18:30:10,30.38,163.69,166.31,230.81,97.31,10.31,23.81,28.31,296
2024-07-26 18:30:40,48.56,163.69,167.81,230.44,97.50,10.88,23.44,28.50,297
2024-07-26 18:31:10,37.69,165.19,167.06,230.25,96.38,9.38,24.38,28.88,298
2024-07-26 18:31:40,21.75,166.13,165.94,229.88,95.81,9.56,24.19,29.06,299
2024-07-26 18:32:10,32.81,168.19,165.56,229.50,96.75,10.50,23.81,29.25,300
2024-07-26 18:32:41,29.25,169.13,165.75,230.44,98.44,8.81,24.19,29.25,301
2024-07-26 18:33:11,40.13,171.00,164.25,229.69,96.00,10.50,23.63,29.44,302
2024-07-26 18:33:41,25.88,172.88,163.13,229.50,96.19,9.56,24.94,29.44,303
2024-07-26 18:34:11,30.19,171.38,165.19,230.81,96.19,9.75,24.75,29.44,304
2024-07-26 18:34:41,27.00,176.44,166.88,229.31,96.94,9.00,24.75,29.06,305
2024-07-26 18:35:11,46.13,177.56,164.81,229.31,96.94,9.94,23.81,29.06,306
2024-07-26 18:35:41,34.13,175.69,165.00,228.94,96.94,10.13,23.81,28.88,307
2024-07-26 18:36:11,49.31,176.63,165.56,229.69,98.63,9.38,23.44,28.31,308
2024-07-26 18:36:41,49.13,176.25,164.81,230.06,99.19,10.88,24.56,27.94,309
2024-07-26 18:37:11,49.69,174.56,166.69,230.63,99.00,11.63,23.63,27.75,310
2024-07-26 18:37:41,43.88,175.50,167.06,230.63,100.13,10.13,24.38,27.19,311
2024-07-26 18:38:11,33.00,174.19,168.19,230.44,99.75,9.94,24.38,26.81,312
2024-07-26 18:38:41,16.13,171.19,166.31,228.94,99.94,10.13,24.00,26.63,313
2024-07-26 18:39:11,45.00,169.69,167.06,229.88,100.88,9.75,23.44,26.25,314
2024-07-26 18:39:41,35.44,168.19,166.69,228.56,100.88,9.56,24.38,26.25,315
2024-07-26 18:40:11,39.00,167.06,166.69,230.06,99.94,10.31,23.63,26.25,316
2024-07-26 18:40:41,45.56,167.06,165.56,228.75,102.00,9.19,24.00,26.25,317
2024-07-26 18:41:11,26.25,167.44,166.31,229.50,99.56,9.56,24.19,26.25,318
2024-07-26 18:41:42,40.88,169.31,165.38,228.38,99.38,9.94,24.00,26.44,319
2024-07-26 18:42:12,42.75,171.19,167.25,228.94,99.75,10.31,23.25,26.81,320
2024-07-26 18:42:42,42.56,174.19,163.69,228.75,100.13,12.00,23.63,27.56,321
2024-07-26 18:43:12,22.13,176.25,164.06,229.13,99.56,9.38,23.81,28.50,322
2024-07-26 18:43:42,36.75,177.94,162.00,227.81,98.25,10.13,23.44,29.25,323
2024-07-26 18:44:12,52.31,178.31,163.69,228.56,97.50,9.56,23.63,29.44,324
2024-07-26 18:44:42,38.06,177.75,162.75,227.63,96.56,9.19,24.56,29.25,325
2024-07-26 18:45:12,45.38,172.50,162.94,228.94,97.13,9.94,23.63,28.31,326
2024-07-26 18:45:42,22.88,168.56,164.44,229.69,95.81,10.13,24.75,27.19,327
2024-07-26 18:46:12,4.50,165.94,166.13,228.94,95.44,10.50,23.81,26.44,328
2024-07-26 18:46:42,25.88,166.50,165.75,228.38,97.69,10.69,24.00,26.25,329
2024-07-26 18:47:12,19.50,167.81,168.56,230.25,97.13,10.69,23.44,26.63,330
2024-07-26 18:47:42,5.81,169.31,168.00,230.81,97.88,10.31,23.06,26.81,331
2024-07-26 18:48:12,37.88,170.06,168.94,231.38,96.75,10.31,25.50,27.00,332
2024-07-26 18:48:42,34.31,168.56,170.06,232.69,97.69,9.75,24.75,26.63,333
2024-07-26 18:49:13,35.81,169.50,169.88,232.50,99.38,11.25,23.06,26.44,334
2024-07-26 18:49:43,40.13,166.50,171.56,232.69,98.25,11.06,23.44,26.44,335
2024-07-26 18:50:13,39.56,166.50,171.75,233.25,98.06,11.06,23.63,26.25,336
2024-07-26 18:50:43,48.19,165.75,172.50,233.06,98.25,10.50,23.06,26.44,337
2024-07-26 18:51:13,43.88,166.13,174.19,233.06,98.81,10.50,23.25,26.44,338
2024-07-26 18:51:43,51.19,165.19,171.94,233.81,98.25,9.75,24.00,26.44,339
2024-07-26 18:52:13,29.63,165.94,170.63,233.25,97.88,10.88,23.81,26.81,340
2024-07-26 18:52:43,20.06,164.06,172.69,233.81,98.25,11.63,23.81,27.00,341
2024-07-26 18:53:22,22.88,162.75,170.06,233.44,96.38,10.50,24.19,27.19,342
2024-07-26 18:53:49,19.50,162.94,168.75,233.81,96.19,10.69,22.88,27.56,343
2024-07-26 18:54:19,20.06,159.94,171.00,233.63,96.75,10.69,23.25,27.94,344
2024-07-26 18:54:49,39.94,160.88,171.19,233.44,96.38,10.69,23.44,28.31,345
2024-07-26 18:55:19,54.75,162.94,169.50,233.44,95.63,10.31,24.38,28.69,346
2024-07-26 18:55:49,44.44,162.38,169.50,232.88,95.44,9.75,24.94,28.88,347
2024-07-26 18:56:19,20.63,165.94,168.56,232.31,94.88,9.94,23.44,29.06,348
2024-07-26 18:56:49,29.81,163.50,167.81,232.50,95.44,10.31,24.00,29.06,349
2024-07-26 18:57:19,53.63,166.69,167.44,232.13,95.63,10.31,23.81,29.44,350
2024-07-26 18:57:50,42.38,169.50,168.75,232.50,94.31,11.06,23.44,29.44,351
2024-07-26 18:58:20,44.25,171.38,166.69,232.13,94.88,10.13,24.56,29.44,352
2024-07-26 18:58:50,42.56,172.50,166.88,231.19,97.13,9.94,24.19,29.25,353
2024-07-26 18:59:20,38.25,173.81,166.50,231.00,96.00,9.75,23.44,28.88,354
2024-07-26 18:59:50,43.31,175.13,165.75,230.44,95.81,11.06,24.56,28.69,355
2024-07-26 19:00:20,51.19,176.06,165.94,231.38,96.75,10.13,22.88,28.31,356
2024-07-26 19:00:50,24.19,174.94,166.50,231.38,96.56,9.75,24.56,27.94,357
2024-07-26 19:01:20,18.94,175.13,168.56,231.38,96.38,9.75,24.94,27.56,358
2024-07-26 19:01:50,23.44,171.75,167.63,230.63,97.31,10.31,23.63,27.19,359
2024-07-26 19:02:20,55.13,172.69,168.38,231.00,97.69,12.00,24.19,27.00,360
2024-07-26 19:02:50,40.13,170.06,167.63,231.00,98.25,10.50,24.19,26.63,361
2024-07-26 19:03:20,30.38,168.19,168.56,230.44,99.00,11.63,24.94,26.44,362
2024-07-26 19:03:50,21.19,166.50,167.44,230.25,97.88,10.88,24.38,26.25,363
2024-07-26 19:04:20,21.19,163.88,166.88,230.06,99.75,11.25,23.06,26.06,364
2024-07-26 19:04:50,12.75,165.00,168.00,230.06,98.06,9.38,23.63,26.44,365
2024-07-26 19:05:20,17.06,164.63,166.69,228.38,97.88,9.75,23.06,26.44,366
2024-07-26 19:05:50,25.50,163.88,166.50,228.38,98.06,9.19,23.63,26.44,367
2024-07-26 19:06:20,40.13,165.94,166.13,228.94,98.81,10.69,23.25,26.44,368
2024-07-26 19:06:51,58.69,166.88,166.88,228.75,97.69,10.69,24.19,26.25,369
2024-07-26 19:07:21,33.38,170.25,165.56,227.63,98.44,10.31,23.06,26.44,370
2024-07-26 19:07:51,49.13,171.75,166.31,229.13,98.81,10.88,23.25,27.00,371
2024-07-26 19:08:21,49.13,174.94,162.94,228.00,97.88,10.13,24.38,27.75,372
2024-07-26 19:08:51,38.63,175.88,162.00,227.06,96.94,9.56,23.44,28.88,373
2024-07-26 19:09:21,50.06,177.38,161.63,228.19,97.88,11.44,24.75,29.25,374
2024-07-26 19:09:51,54.00,177.56,163.31,228.00,95.63,9.19,23.25,29.44,375
2024-07-26 19:10:21,28.31,176.44,163.50,230.81,95.25,10.13,25.31,29.25,376
2024-07-26 19:10:51,33.19,173.44,164.06,229.31,94.50,11.06,24.94,28.31,377
2024-07-26 19:11:21,29.44,168.56,166.50,230.44,93.56,11.06,24.56,27.38,378
2024-07-26 19:11:51,22.69,164.44,164.81,228.94,93.00,11.06,23.44,26.44,379
2024-07-26 19:12:21,6.38,165.19,167.44,229.50,93.00,10.69,22.88,26.25,380
2024-07-26 19:12:51,29.81,163.69,168.19,229.88,94.13,10.50,23.44,26.44,381
2024-07-26 19:13:21,22.50,165.00,170.44,231.00,94.50,12.19,23.44,26.44,382
2024-07-26 19:13:51,21.56,165.38,169.31,231.19,93.75,10.31,24.56,26.44,383
2024-07-26 19:14:21,17.81,164.63,169.13,231.94,95.81,12.00,23.06,26.25,384
2024-07-26 19:14:51,54.19,166.50,166.69,230.63,95.44,10.69,22.50,26.06,385
2024-07-26 19:15:21,30.19,165.94,168.75,230.63,94.69,12.19,24.00,26.25,386
2024-07-26 19:15:51,23.81,164.06,169.69,230.81,95.81,11.44,23.81,26.25,387
2024-07-26 19:16:21,49.69,163.88,165.75,230.25,94.69,10.31,24.38,26.63,388
2024-07-26 19:16:51,48.19,163.31,168.00,230.63,95.25,10.50,23.06,26.63,389
2024-07-26 19:17:21,19.13,164.06,167.81,231.00,93.56,9.94,24.19,27.00,390
2024-07-26 19:17:52,24.94,163.69,167.81,231.00,93.94,12.38,24.00,27.38,391
2024-07-26 19:18:22,27.19,163.31,170.44,231.75,94.31,10.50,23.06,27.75,392
2024-07-26 19:18:52,35.25,162.56,169.31,231.75,94.69,9.75,23.63,28.13,393
2024-07-26 19:19:22,10.69,165.56,166.31,229.88,93.19,11.06,23.44,28.69,394
2024-07-26 19:19:53,1.50,167.06,166.31,229.50,94.50,10.13,24.00,28.69,395
2024-07-26 19:20:22,50.81,168.94,165.38,230.06,93.38,10.69,24.94,29.06,396
2024-07-26 19:20:52,27.75,164.63,167.44,231.19,93.00,11.25,23.63,29.25,397
2024-07-26 19:21:22,10.69,168.75,166.13,231.19,92.44,11.06,24.38,29.25,398
2024-07-26 19:21:52,22.31,168.94,166.31,231.38,93.38,10.50,24.00,29.44,399
2024-07-26 19:22:22,18.00,169.69,166.13,229.88,94.50,11.44,24.38,29.44,400
2024-07-26 19:22:52,9.94,171.56,165.00,230.44,93.38,11.06,23.06,29.25,401
2024-07-26 19:23:22,22.13,171.94,166.50,230.81,92.81,9.38,23.25,29.25,402
2024-07-26 19:23:52,55.69,171.56,167.81,231.19,93.94,9.56,24.38,28.88,403
2024-07-26 19:24:22,40.13,172.69,164.81,231.00,95.25,10.13,23.63,28.69,404
2024-07-26 19:24:52,36.75,179.25,166.50,230.44,94.50,10.50,23.81,28.31,405
2024-07-26 19:25:22,40.31,174.00,167.25,231.00,94.69,10.88,25.13,27.94,406
2024-07-26 19:25:52,39.94,171.00,167.63,230.44,95.25,11.63,23.81,27.56,407
2024-07-26 19:26:22,42.75,173.06,165.75,229.69,94.88,12.19,23.25,27.00,408
2024-07-26 19:26:53,49.50,169.13,166.69,230.06,95.25,10.13,24.00,26.81,409
2024-07-26 19:27:23,38.06,167.25,169.69,231.19,93.75,10.88,24.00,26.44,410
2024-07-26 19:27:53,42.38,165.75,168.94,230.44,95.81,11.63,24.00,26.25,411
2024-07-26 19:28:23,11.44,165.75,168.00,230.06,96.19,10.69,24.38,26.06,412
2024-07-26 19:28:53,24.56,164.81,167.44,230.44,95.25,11.06,24.19,26.06,413
2024-07-26 19:29:23,33.75,163.13,168.00,230.63,95.63,11.25,22.50,26.25,414
2024-07-26 19:29:53,42.94,163.31,167.25,230.06,95.06,10.31,23.81,26.63,415
2024-07-26 19:30:23,68.25,162.00,166.69,229.50,95.25,10.50,23.44,26.63,416
2024-07-26 19:30:53,23.25,164.81,168.00,229.13,95.63,9.94,22.88,26.25,417
2024-07-26 19:31:23,34.69,166.88,166.50,229.50,93.56,10.13,23.06,26.06,418
2024-07-26 19:31:53,15.19,167.63,166.69,228.75,94.13,10.31,22.88,26.25,419
2024-07-26 19:32:23,49.88,167.44,166.88,230.25,94.31,11.44,23.25,26.63,420
2024-07-26 19:32:53,33.19,172.88,165.19,228.19,92.81,11.25,23.06,27.19,421
2024-07-26 19:34:08,43.69,175.88,165.38,228.38,94.13,10.50,23.63,28.13,422
2024-07-26 19:34:24,0.00,0.00,0.00,0.00,0.00,0.00,0.00,0.00,423
2024-07-26 19:34:54,15.00,176.44,164.44,229.69,90.56,11.63,26.06,29.25,424
2024-07-26 19:35:24,34.50,172.69,162.56,229.13,89.44,9.75,23.63,28.13,425
2024-07-26 19:35:54,39.38,170.44,163.50,230.06,89.63,11.81,24.94,27.38,426
2024-07-26 19:36:24,41.63,166.31,165.00,230.63,89.63,11.25,24.00,26.25,427
2024-07-26 19:36:54,28.69,164.81,165.75,229.50,91.69,11.63,24.38,26.06,428
2024-07-26 19:37:24,49.69,164.44,167.44,231.00,90.00,13.88,23.06,26.25,429
2024-07-26 19:37:54,29.06,165.19,168.75,231.00,90.56,12.38,23.25,26.44,430
2024-07-26 19:38:24,33.38,163.88,169.69,232.31,93.00,11.63,22.88,26.25,431
2024-07-26 19:38:54,48.56,164.63,170.44,232.50,93.38,11.44,24.00,26.06,432
2024-07-26 19:39:24,22.31,163.88,170.44,232.88,93.75,12.19,23.63,26.25,433
2024-07-26 19:39:54,14.25,163.69,169.88,232.13,92.06,10.31,25.13,26.06,434
2024-07-26 19:40:24,14.25,162.38,170.44,232.13,93.19,11.25,23.63,26.25,435
2024-07-26 19:40:54,25.69,162.75,171.00,232.50,92.63,11.44,24.00,26.44,436
2024-07-26 19:41:24,9.19,159.19,171.56,232.31,91.88,11.44,24.94,26.63,437
2024-07-26 19:41:54,15.75,161.25,170.06,232.50,90.75,10.50,24.38,27.00,438
2024-07-26 19:42:25,26.06,157.88,169.50,232.13,90.94,11.63,24.38,27.38,439
2024-07-26 19:42:55,41.06,161.06,169.69,232.13,90.56,10.88,24.19,27.56,440
2024-07-26 19:43:25,22.13,161.63,169.13,232.13,89.81,10.88,24.56,27.94,441
2024-07-26 19:43:55,15.75,160.50,168.38,232.88,89.44,11.06,22.69,28.31,442
2024-07-26 19:44:25,32.06,162.94,168.56,232.31,89.06,10.13,25.31,28.50,443
2024-07-26 19:44:55,16.88,160.88,168.56,232.31,90.00,10.13,24.00,28.88,444
2024-07-26 19:45:25,18.94,162.38,167.25,232.13,88.69,11.63,24.94,29.06,445
2024-07-26 19:45:55,30.94,164.63,168.00,231.56,88.50,12.75,23.25,29.25,446
2024-07-26 19:46:25,10.50,166.50,165.94,231.19,89.06,11.81,23.63,29.25,447
2024-07-26 19:46:55,27.38,166.69,165.75,231.38,89.63,10.31,24.19,29.44,448
2024-07-26 19:47:25,19.13,168.00,166.50,231.19,88.31,10.50,24.56,29.25,449
2024-07-26 19:47:55,27.94,170.63,165.75,231.00,89.63,10.88,23.81,28.88,450
2024-07-26 19:48:25,6.00,168.94,166.88,231.19,89.63,11.06,23.81,28.88,451
2024-07-26 19:48:55,17.06,171.56,166.13,230.06,90.19,11.44,23.81,28.50,452
2024-07-26 19:49:25,32.44,172.13,165.94,230.06,88.69,11.81,23.06,27.94,453
2024-07-26 19:49:55,39.19,171.75,165.75,229.88,89.06,11.44,24.56,27.75,454
2024-07-26 19:50:26,23.81,171.38,166.88,230.44,89.06,11.44,24.19,27.38,455
2024-07-26 19:50:56,37.13,171.94,165.94,230.06,90.56,13.13,22.88,27.00,456
2024-07-26 19:51:26,38.25,170.44,168.19,230.25,91.50,12.00,23.44,26.63,457
2024-07-26 19:51:56,32.25,168.56,167.06,230.44,91.13,12.19,23.81,26.25,458
2024-07-26 19:52:26,39.38,168.00,167.06,229.88,92.63,13.13,24.38,26.25,459
2024-07-26 19:52:56,32.25,164.81,167.25,230.06,91.31,12.94,24.19,26.06,460
2024-07-26 19:53:26,35.06,164.06,166.50,228.94,92.06,11.06,23.63,26.06,461
2024-07-26 19:53:56,15.75,163.69,168.38,230.06,92.06,11.25,24.19,26.44,462
2024-07-26 19:54:26,20.25,162.56,167.25,229.50,91.88,11.63,23.81,26.44,463
2024-07-26 19:54:59,34.31,165.19,166.88,229.69,92.63,11.44,23.63,26.25,464
2024-07-26 19:55:26,8.44,163.88,165.00,228.56,91.13,11.25,22.88,26.06,465
2024-07-26 19:55:56,21.38,165.94,164.81,228.19,91.88,11.44,24.56,26.06,466
2024-07-26 19:56:26,30.94,168.00,163.69,227.44,90.94,11.81,23.06,26.44,467
2024-07-26 19:56:56,12.38,172.31,164.63,227.25,90.94,11.44,22.88,27.38,468
2024-07-26 19:57:26,27.00,174.56,163.31,228.00,90.94,10.88,26.25,28.31,469
2024-07-26 19:57:56,42.75,176.63,162.38,228.38,90.38,10.69,23.63,28.88,470
2024-07-26 19:58:27,39.19,177.00,162.00,228.94,89.25,11.25,24.75,29.25,471
2024-07-26 19:58:57,31.31,177.19,164.63,229.88,89.25,10.50,24.38,28.88,472
2024-07-26 19:59:27,42.56,172.88,162.00,229.50,88.31,11.06,25.50,28.50,473
2024-07-26 19:59:57,57.19,171.38,162.56,229.31,88.88,11.06,23.44,27.56,474
2024-07-26 20:00:27,42.38,166.88,166.13,230.06,87.94,11.25,24.56,26.63,475
2024-07-26 20:00:57,64.88,165.94,165.75,230.44,87.56,11.81,23.81,26.25,476
2024-07-26 20:01:27,37.88,165.00,168.38,231.19,88.13,11.25,25.50,26.25,477
2024-07-26 20:01:57,61.13,165.56,170.44,231.75,89.06,12.56,23.44,26.25,478
2024-07-26 20:02:27,57.75,164.81,169.31,232.13,90.19,11.81,23.25,26.44,479
2024-07-26 20:02:57,54.75,165.38,169.50,232.31,89.63,11.63,23.44,26.25,480
2024-07-26 20:03:27,58.88,164.06,170.06,232.50,91.31,12.00,24.75,26.44,481
2024-07-26 20:03:57,55.50,164.44,168.38,232.50,90.94,12.00,23.25,26.06,482
2024-07-26 20:04:27,42.94,163.69,168.56,232.13,92.25,12.75,23.25,26.25,483
2024-07-26 20:04:57,49.69,162.19,171.38,231.56,90.00,11.06,25.69,26.25,484
2024-07-26 20:05:27,51.00,162.56,170.44,231.94,90.19,12.19,23.81,26.44,485
2024-07-26 20:05:57,63.56,161.25,169.31,231.75,89.81,12.94,24.19,26.63,486
2024-07-26 20:06:27,61.31,161.63,170.63,231.94,89.25,11.63,25.69,26.81,487
2024-07-26 20:06:57,49.69,162.00,168.56,232.13,89.25,11.81,24.00,27.00,488
2024-07-26 20:07:28,56.25,162.94,168.38,231.94,88.50,11.81,23.81,27.38,489
2024-07-26 20:07:58,42.56,161.06,167.44,231.94,89.25,10.31,24.38,27.75,490
2024-07-26 20:08:28,46.88,162.19,167.06,231.19,88.88,11.44,23.81,28.13,491
2024-07-26 20:08:58,64.13,162.56,168.94,232.13,88.13,10.13,23.25,28.31,492
2024-07-26 20:09:28,45.56,161.44,167.63,231.19,87.94,9.75,25.13,28.69,493
2024-07-26 20:09:58,54.19,162.56,167.06,231.00,87.56,11.63,24.19,28.88,494
2024-07-26 20:10:28,58.50,165.56,165.00,230.81,87.75,10.31,24.56,29.06,495
2024-07-26 20:10:58,55.50,168.00,165.56,230.44,88.50,11.25,24.75,29.25,496
2024-07-26 20:11:28,65.44,170.25,164.63,230.44,88.88,12.00,24.19,29.44,497
2024-07-26 20:11:58,55.13,169.50,165.00,230.25,87.00,12.00,23.81,29.44,498
2024-07-26 20:12:28,40.50,172.13,164.06,229.88,87.75,11.81,23.25,29.06,499
2024-07-26 20:12:58,59.06,172.88,164.44,229.88,88.88,11.63,24.56,29.06,500
2024-07-26 20:13:28,75.94,174.38,164.44,230.25,88.69,12.00,22.88,28.88,501
2024-07-26 20:13:58,79.13,176.25,164.44,230.44,89.44,13.50,24.94,28.50,502
2024-07-26 20:14:28,64.88,176.06,163.31,229.31,90.19,11.25,23.63,28.31,503
2024-07-26 20:14:58,50.25,174.19,165.56,229.13,89.44,10.88,23.44,27.94,504
2024-07-26 20:15:28,60.75,173.44,166.13,229.50,89.81,11.63,23.44,27.38,505
2024-07-26 20:15:58,66.00,173.06,166.13,228.75,90.38,12.19,23.25,27.19,506
2024-07-26 20:16:28,71.25,172.13,166.31,228.75,91.69,10.69,23.06,26.63,507
2024-07-26 20:16:59,69.00,171.38,166.50,228.38,91.69,10.88,22.88,26.44,508
2024-07-26 20:17:29,71.44,171.38,165.19,227.63,90.75,12.75,22.88,26.25,509
2024-07-26 20:17:59,51.94,168.75,165.38,228.00,90.56,10.69,24.56,26.25,510
2024-07-26 20:18:29,52.13,165.94,165.38,228.75,91.88,11.25,22.88,26.25,511
2024-07-26 20:18:59,47.44,165.75,166.88,228.75,92.81,12.75,23.81,26.44,512
2024-07-26 20:19:29,66.56,163.88,165.38,227.63,91.50,10.69,22.31,26.63,513
2024-07-26 20:19:59,57.94,164.81,165.75,227.81,90.75,11.63,23.81,26.25,514
2024-07-26 20:20:29,55.69,163.88,165.19,227.81,91.13,11.44,23.44,26.25,515
2024-07-26 20:20:59,58.31,165.94,163.50,227.44,90.75,11.06,23.44,26.06,516
2024-07-26 20:21:29,55.13,167.81,163.88,227.44,91.69,11.06,24.00,26.44,517
2024-07-26 20:21:59,60.38,170.63,163.69,226.69,91.13,14.06,24.19,26.81,518
2024-07-26 20:22:29,46.31,172.31,162.75,226.31,90.19,12.75,23.44,27.56,519
2024-07-26 20:22:59,82.13,176.25,162.75,226.50,90.94,11.44,24.38,28.69,520
2024-07-26 20:23:29,74.81,176.81,163.13,227.25,90.00,10.69,25.50,29.25,521
2024-07-26 20:23:59,57.38,177.19,162.19,227.63,88.69,11.25,23.44,29.25,522
2024-07-26 20:24:29,68.63,176.63,161.44,226.31,89.06,10.69,24.56,29.06,523
2024-07-26 20:24:59,78.56,172.31,160.88,227.44,87.56,11.25,24.19,28.31,524
2024-07-26 20:25:29,64.50,169.50,162.56,227.44,86.81,11.81,23.63,27.19,525
2024-07-26 20:25:59,91.31,167.06,165.19,227.25,87.94,11.63,24.00,26.63,526
2024-07-26 20:26:29,69.75,164.44,166.31,229.13,87.56,12.38,24.38,26.25,527
2024-07-26 20:27:00,62.06,165.94,166.50,229.88,88.50,12.00,24.00,26.44,528
2024-07-26 20:27:30,75.38,165.00,167.44,230.63,88.88,12.75,24.75,26.44,529
2024-07-26 20:28:00,68.81,167.44,168.56,231.19,89.44,12.56,23.25,26.25,530
2024-07-26 20:28:30,61.69,167.06,169.13,231.38,89.06,12.38,23.44,26.63,531
2024-07-26 20:29:00,63.38,165.19,169.50,231.38,90.19,11.25,23.81,26.25,532
2024-07-26 20:29:30,55.13,165.75,167.44,231.38,91.69,11.63,24.56,26.44,533
2024-07-26 20:30:00,62.63,165.38,171.00,232.31,91.13,11.81,23.25,26.25,534
2024-07-26 20:30:30,55.69,162.19,171.00,232.69,92.06,11.25,24.75,26.44,535
2024-07-26 20:31:00,43.31,164.81,168.94,231.38,90.19,11.81,23.81,26.63,536
2024-07-26 20:31:30,49.31,163.13,169.31,232.50,90.19,13.88,22.88,27.00,537
2024-07-26 20:32:00,40.13,162.56,169.88,231.94,89.81,11.06,25.69,27.00,538
2024-07-26 20:32:30,51.56,159.19,170.81,232.13,87.75,10.69,24.00,27.38,539
2024-07-26 20:33:00,65.44,161.25,169.50,231.75,88.88,11.44,25.13,27.75,540
2024-07-26 20:33:30,57.38,161.44,167.44,231.94,88.31,12.75,23.81,27.94,541
2024-07-26 20:34:00,55.13,162.00,170.81,231.75,88.31,12.00,23.81,28.31,542
2024-07-26 20:34:30,54.38,163.50,168.00,231.56,88.13,11.44,24.75,28.69,543
2024-07-26 20:35:00,48.75,164.25,167.44,231.00,88.88,10.88,23.44,28.88,544
2024-07-26 20:36:16,51.19,164.25,166.69,231.75,88.69,10.13,23.63,29.06,545
2024-07-26 20:36:31,0.00,0.00,0.00,0.00,0.00,0.00,0.00,0.00,546
2024-07-26 20:37:01,59.06,169.31,163.69,230.44,88.13,11.81,23.44,29.25,547
2024-07-26 20:37:31,53.25,170.06,166.31,230.63,87.19,10.69,23.81,29.25,548
2024-07-26 20:38:01,60.19,170.81,164.81,230.06,88.50,10.69,24.19,29.25,549
2024-07-26 20:38:32,64.88,172.50,165.19,230.44,89.25,11.06,23.81,28.88,550
2024-07-26 20:39:02,66.75,172.13,165.94,229.69,89.63,11.81,23.81,28.69,551
2024-07-26 20:39:32,57.56,172.69,167.81,230.25,88.50,11.25,23.06,28.31,552
2024-07-26 20:40:02,58.50,172.31,165.56,229.31,88.88,11.06,23.44,27.75,553
2024-07-26 20:40:32,65.44,170.44,166.88,230.06,89.81,12.19,23.81,27.38,554
2024-07-26 20:41:02,45.19,170.63,168.19,230.25,89.06,12.56,24.75,27.00,555
2024-07-26 20:41:32,58.31,171.38,167.44,229.88,89.25,11.44,23.06,26.63,556
2024-07-26 20:42:02,55.13,169.50,168.56,229.69,90.19,12.38,24.56,26.44,557
2024-07-26 20:42:32,61.50,168.38,167.25,229.50,89.25,12.56,24.00,26.25,558
2024-07-26 20:43:02,41.25,164.25,166.88,228.38,89.25,12.19,23.63,26.06,559
2024-07-26 20:43:32,46.50,164.63,165.38,227.06,88.88,12.56,23.25,26.25,560
2024-07-26 20:44:02,43.50,163.88,165.00,227.25,89.63,12.19,23.44,26.25,561
2024-07-26 20:44:32,60.38,164.06,164.44,227.63,90.19,14.44,24.56,26.63,562
2024-07-26 20:45:02,51.38,164.63,164.63,226.31,89.63,12.56,23.25,26.44,563
2024-07-26 20:45:32,59.06,164.25,163.69,226.31,89.25,11.81,24.38,26.25,564
2024-07-26 20:46:02,59.06,165.38,163.50,226.50,89.25,13.13,24.94,26.06,565
2024-07-26 20:46:32,55.13,166.13,163.69,224.63,90.00,12.00,23.63,26.06,566
2024-07-26 20:47:02,66.94,169.13,163.13,225.19,90.56,11.81,23.44,26.81,567
2024-07-26 20:47:33,31.88,170.25,162.94,225.38,89.06,11.63,25.31,27.56,568
2024-07-26 20:48:03,42.00,173.44,163.69,225.75,88.31,11.06,24.00,28.31,569
2024-07-26 20:48:33,31.31,178.69,163.50,226.13,88.50,12.00,23.63,28.88,570
2024-07-26 20:49:03,35.25,177.38,162.19,227.06,85.88,11.63,23.81,29.06,571
2024-07-26 20:49:33,63.56,177.94,161.63,227.06,87.19,11.63,24.38,29.06,572
2024-07-26 20:50:03,13.50,175.50,162.19,227.25,84.75,11.06,24.19,28.50,573
2024-07-26 20:50:33,17.25,172.31,161.25,227.06,84.94,11.63,23.44,27.56,574
2024-07-26 20:51:03,26.25,168.19,162.75,228.38,85.69,11.25,22.69,26.81,575
2024-07-26 20:51:33,20.06,164.44,164.81,228.38,84.19,12.19,24.00,26.06,576
2024-07-26 20:52:03,29.44,164.81,165.38,228.00,85.50,12.56,23.81,26.06,577
2024-07-26 20:52:33,13.31,164.81,166.88,230.06,85.31,12.00,24.38,26.06,578
2024-07-26 20:53:03,24.75,165.38,167.25,230.25,85.31,11.44,22.50,26.06,579
2024-07-26 20:53:33,33.56,164.81,167.63,229.69,86.44,11.81,24.00,26.06,580
2024-07-26 20:54:03,18.56,165.19,166.50,230.25,86.44,13.31,24.00,25.88,581
2024-07-26 20:54:33,42.00,165.38,166.50,230.25,87.56,12.75,24.19,26.06,582
2024-07-26 20:55:03,31.50,163.13,170.44,231.94,85.88,11.25,24.38,26.25,583
2024-07-26 20:55:33,23.44,163.13,166.69,231.00,86.25,11.25,23.06,26.25,584
2024-07-26 20:56:04,20.81,164.63,167.25,230.81,86.63,11.81,23.44,26.44,585
2024-07-26 20:56:34,32.44,162.75,168.75,231.56,86.25,12.00,22.69,26.81,586
2024-07-26 20:57:04,20.44,162.19,169.50,231.56,86.44,12.94,23.81,27.00,587
2024-07-26 20:57:34,24.00,161.81,168.19,231.75,85.13,12.00,23.63,27.38,588
2024-07-26 20:58:05,24.94,160.88,168.19,231.94,85.31,12.56,24.38,27.75,589
2024-07-26 20:58:34,14.63,163.69,166.69,231.19,85.31,11.63,23.25,27.94,590
2024-07-26 20:59:04,16.69,161.06,167.25,230.81,85.50,11.44,23.81,28.50,591
2024-07-26 20:59:35,22.69,165.00,165.19,230.25,84.56,12.38,24.38,28.69,592
2024-07-26 21:00:04,25.69,163.13,166.69,230.44,84.19,11.25,24.00,28.88,593
2024-07-26 21:00:34,34.88,167.63,165.75,230.81,84.19,12.94,24.00,29.25,594
2024-07-26 21:01:04,63.00,170.25,164.44,230.63,85.88,12.56,24.19,29.06,595
2024-07-26 21:01:34,14.44,170.06,165.94,229.88,85.50,12.19,22.69,29.25,596
2024-07-26 21:02:04,47.63,172.50,165.19,229.69,85.13,10.69,22.69,29.25,597
2024-07-26 21:02:34,66.38,171.94,164.81,229.88,85.13,12.94,24.00,29.06,598
2024-07-26 21:03:04,76.31,173.25,164.81,229.88,85.31,12.56,23.81,28.88,599
2024-07-26 21:03:34,64.69,174.19,164.81,229.69,87.00,10.69,24.56,28.69,600
2024-07-26 21:04:04,62.44,175.13,164.81,229.50,86.44,11.44,24.38,28.31,601
2024-07-26 21:04:34,75.38,174.38,165.56,228.94,87.19,12.00,24.38,27.94,602
2024-07-26 21:05:04,67.69,175.13,165.19,228.38,86.06,12.19,22.69,27.56,603
2024-07-26 21:05:34,66.19,173.44,165.75,228.94,87.19,12.19,23.25,27.19,604
2024-07-26 21:06:05,49.69,171.19,166.88,229.50,87.19,12.19,23.06,26.81,605
2024-07-26 21:06:35,61.69,170.81,166.69,229.50,87.56,12.56,23.63,26.44,606
2024-07-26 21:07:05,55.88,168.94,167.25,228.94,88.31,12.56,22.69,26.06,607
2024-07-26 21:07:35,62.44,167.63,166.50,228.75,87.75,13.50,24.00,26.06,608
2024-07-26 21:08:05,57.75,166.50,165.94,227.81,87.94,12.38,23.06,26.06,609
2024-07-26 21:08:35,56.81,165.00,167.81,228.38,86.81,12.75,23.06,26.25,610
2024-07-26 21:09:05,63.19,162.38,166.69,228.56,86.81,11.81,24.56,26.25,611
2024-07-26 21:09:35,53.81,163.69,165.94,227.25,86.44,13.69,23.25,26.63,612
2024-07-26 21:10:05,51.94,163.50,164.81,227.63,86.25,12.94,24.38,26.44,613
2024-07-26 21:10:35,37.13,164.81,164.81,227.44,87.75,12.38,23.06,26.06,614
2024-07-26 21:11:05,34.69,165.94,164.06,227.25,86.06,13.13,22.88,26.25,615
2024-07-26 21:11:35,55.31,166.31,165.94,226.69,85.50,12.75,23.06,26.44,616
2024-07-26 21:12:05,74.25,168.19,162.00,226.88,85.88,12.56,23.63,27.19,617
2024-07-26 21:12:35,52.13,172.13,163.69,227.25,86.25,11.81,23.06,28.13,618
2024-07-26 21:13:05,75.56,175.13,162.00,227.06,84.38,12.75,23.81,28.69,619
2024-07-26 21:13:35,66.38,176.25,160.31,225.75,84.38,11.63,25.50,29.25,620
2024-07-26 21:14:05,50.44,176.81,161.06,226.31,84.19,11.81,23.63,29.25,621
2024-07-26 21:14:36,59.44,173.25,164.25,226.69,83.06,11.81,23.44,28.50,622
2024-07-26 21:15:06,65.63,169.88,160.88,226.69,81.56,13.50,23.81,27.75,623
2024-07-26 21:15:36,53.81,168.75,162.00,226.88,83.44,12.94,23.44,26.63,624
2024-07-26 21:16:06,39.19,164.06,165.38,229.50,83.06,12.38,24.38,26.25,625
2024-07-26 21:16:36,27.38,164.06,166.69,228.38,82.31,12.75,23.06,26.25,626
2024-07-26 21:17:06,68.06,164.25,167.06,230.06,83.63,13.88,24.00,26.44,627
2024-07-26 21:17:36,41.25,164.81,167.81,230.63,81.56,12.38,23.25,26.44,628
2024-07-26 21:18:09,66.94,165.75,168.75,231.75,82.88,12.19,23.63,26.44,629
2024-07-26 21:18:36,52.88,166.31,166.50,230.63,82.88,13.88,24.75,26.25,630
2024-07-26 21:19:06,72.00,166.69,169.31,231.56,82.31,13.13,24.56,26.06,631
2024-07-26 21:19:36,61.69,163.50,169.13,231.38,82.88,13.88,24.00,26.25,632
2024-07-26 21:20:06,84.94,164.63,170.25,231.19,84.19,13.88,23.63,26.25,633
2024-07-26 21:20:36,69.00,162.38,168.38,231.19,82.88,12.19,24.75,26.63,634
2024-07-26 21:21:06,62.06,161.06,169.31,231.19,83.06,13.31,24.56,26.81,635
2024-07-26 21:21:36,55.88,163.13,167.44,231.19,83.81,14.63,24.38,27.19,636
2024-07-26 21:22:06,62.44,162.38,166.13,231.19,81.94,12.38,23.25,27.38,637
2024-07-26 21:22:36,64.13,161.06,168.75,231.38,81.75,13.13,24.38,27.75,638
2024-07-26 21:23:07,62.44,162.56,166.88,230.81,82.31,12.19,23.81,27.94,639
2024-07-26 21:23:37,55.31,162.38,167.25,230.81,81.19,12.38,24.00,28.31,640
2024-07-26 21:24:07,45.56,162.75,167.63,230.63,80.63,11.44,24.00,28.69,641
2024-07-26 21:24:37,50.25,162.94,166.13,231.19,82.69,11.44,24.19,28.88,642
2024-07-26 21:25:07,60.38,167.44,164.63,230.81,81.94,11.81,24.94,29.06,643
2024-07-26 21:25:37,59.06,167.06,165.19,230.63,81.56,12.38,24.00,29.06,644
2024-07-26 21:26:07,67.69,169.31,165.00,230.44,82.13,11.81,24.19,29.44,645
2024-07-26 21:26:37,69.94,169.31,164.81,230.63,81.00,12.00,24.19,29.06,646
2024-07-26 21:27:07,58.31,171.19,163.50,229.50,81.75,12.19,24.19,29.06,647
2024-07-26 21:27:37,63.75,172.88,165.00,229.50,80.63,14.63,23.81,29.06,648
2024-07-26 21:28:07,59.63,172.88,165.19,229.31,80.81,14.44,23.44,28.50,649
2024-07-26 21:28:37,68.06,171.94,166.50,229.50,81.00,12.94,23.06,28.31,650
2024-07-26 21:29:07,57.75,173.25,164.81,229.31,83.25,14.06,23.81,27.94,651
2024-07-26 21:29:37,65.63,174.00,164.44,229.13,81.56,12.56,23.25,27.56,652
2024-07-26 21:30:07,66.19,171.38,165.56,229.31,82.50,13.31,23.25,27.19,653
2024-07-26 21:30:37,71.06,170.25,165.19,229.13,83.06,12.94,24.00,26.81,654
2024-07-26 21:31:07,60.94,169.50,165.75,228.00,82.31,12.56,23.25,26.44,655
2024-07-26 21:31:37,68.44,168.75,166.50,227.44,82.13,12.94,24.19,26.25,656
2024-07-26 21:32:07,68.63,166.13,165.75,228.00,82.50,12.56,23.81,25.88,657
2024-07-26 21:32:38,57.38,165.38,164.81,227.06,84.75,13.50,23.06,25.88,658
2024-07-26 21:33:08,56.81,164.25,166.13,228.00,82.88,13.50,23.63,26.06,659
2024-07-26 21:33:38,47.44,162.75,164.44,228.00,85.31,12.94,24.38,26.25,660
2024-07-26 21:34:08,46.31,162.19,165.94,227.63,82.50,13.50,23.06,26.63,661
2024-07-26 21:34:38,67.31,162.19,163.50,226.31,82.13,14.06,23.44,26.63,662
2024-07-26 21:35:08,51.38,162.38,163.31,226.50,81.56,12.38,23.25,26.25,663
2024-07-26 21:35:38,54.38,163.88,165.75,226.31,82.88,14.63,24.00,25.88,664
2024-07-26 21:36:08,63.00,165.19,163.13,225.19,82.13,12.00,22.69,26.06,665
2024-07-26 21:36:38,53.25,165.94,165.00,226.31,82.13,13.31,24.19,26.63,666
2024-07-26 21:37:08,63.75,171.19,162.94,225.00,83.25,13.13,22.88,27.19,667
2024-07-26 21:37:38,48.75,173.63,161.25,225.94,82.50,14.06,21.94,28.31,668
2024-07-26 21:38:08,65.44,175.13,161.81,224.63,83.25,12.56,24.00,28.88,669
2024-07-26 21:38:38,56.44,176.63,160.88,224.06,81.75,13.50,22.88,29.06,670
2024-07-26 21:39:08,59.81,175.69,161.25,225.00,80.63,14.25,23.81,29.06,671
2024-07-26 21:39:38,62.44,173.81,160.31,225.94,78.94,12.56,23.81,28.31,672
2024-07-26 21:40:08,57.94,169.88,160.69,225.56,79.50,11.81,23.81,27.56,673
2024-07-26 21:40:38,52.13,168.00,162.56,226.13,78.56,13.50,23.44,26.44,674
2024-07-26 21:41:08,47.06,163.69,163.13,225.94,78.94,13.50,23.81,26.06,675
2024-07-26 21:41:38,54.94,164.63,164.06,227.63,80.63,15.19,24.56,26.25,676
2024-07-26 21:42:09,56.06,164.25,165.94,229.13,79.88,14.25,24.19,26.44,677
2024-07-26 21:42:39,67.88,166.31,165.75,229.50,80.06,13.69,23.44,26.63,678
2024-07-26 21:43:09,43.88,165.56,166.50,229.88,81.00,13.69,23.63,26.63,679
2024-07-26 21:43:39,75.00,165.00,166.50,229.13,80.44,14.25,23.44,26.25,680
2024-07-26 21:44:09,55.13,166.31,169.13,230.25,82.13,12.94,23.81,26.25,681
2024-07-26 21:44:39,58.88,165.94,169.88,230.81,81.75,13.88,23.63,26.06,682
2024-07-26 21:45:09,67.13,163.13,168.56,231.19,81.56,12.38,24.19,26.25,683
2024-07-26 21:45:39,54.94,162.56,167.81,230.44,80.25,12.94,24.00,26.25,684
2024-07-26 21:46:09,57.38,163.13,167.44,230.06,79.50,12.38,23.44,26.44,685
2024-07-26 21:46:39,67.50,163.13,168.19,230.06,79.69,12.19,23.06,26.63,686
2024-07-26 21:47:09,55.69,163.31,168.38,230.63,80.06,13.88,22.88,27.00,687
2024-07-26 21:47:39,54.19,163.50,167.81,230.63,80.25,12.00,25.13,27.38,688
2024-07-26 21:48:09,59.63,159.19,166.88,230.63,80.44,13.50,23.63,27.75,689
2024-07-26 21:48:39,73.88,161.25,166.31,230.44,78.94,12.38,24.00,27.94,690
2024-07-26 21:49:09,52.69,159.94,166.50,229.88,79.50,12.75,24.19,28.31,691
2024-07-26 21:49:39,58.69,163.69,167.63,230.44,79.50,13.50,24.19,28.50,692
2024-07-26 21:50:09,57.19,162.94,166.88,230.25,78.19,14.44,25.13,28.88,693
2024-07-26 21:50:39,43.88,164.63,164.63,229.88,77.81,12.00,23.81,29.06,694
2024-07-26 21:51:10,49.69,168.38,165.19,229.69,78.19,13.88,23.63,29.25,695
2024-07-26 21:51:40,52.50,166.31,163.50,230.63,77.44,12.19,24.56,29.06,696
2024-07-26 21:52:10,69.94,168.56,163.69,229.50,79.31,12.75,23.44,29.25,697
2024-07-26 21:52:40,68.25,168.75,165.19,229.31,78.94,12.19,23.63,29.25,698
2024-07-26 21:53:10,49.31,172.50,162.94,229.13,78.56,13.69,23.06,29.06,699
2024-07-26 21:53:40,69.56,174.38,163.50,228.94,78.56,13.13,24.38,28.69,700
2024-07-26 21:54:10,66.56,173.06,163.69,228.75,79.13,13.31,23.06,28.50,701
2024-07-26 21:54:40,62.44,173.63,164.81,228.56,77.63,14.81,22.88,27.94,702
2024-07-26 21:55:10,72.00,174.00,163.31,227.81,80.06,14.25,23.25,27.75,703
2024-07-26 21:55:40,60.94,175.69,165.19,228.19,79.88,13.13,23.63,27.38,704
2024-07-26 21:56:10,61.13,171.75,163.50,228.38,79.13,15.00,22.69,27.00,705
2024-07-26 21:56:40,61.13,169.13,165.38,228.38,79.31,13.88,24.38,26.63,706
2024-07-26 21:57:10,66.19,169.88,163.88,227.63,80.63,14.44,23.25,26.25,707
2024-07-26 21:57:40,48.19,168.75,165.19,226.88,79.31,14.06,24.75,26.25,708
2024-07-26 21:58:10,85.13,166.69,164.63,227.63,80.25,13.88,23.25,25.88,709
2024-07-26 21:58:40,70.31,164.81,164.25,227.44,80.06,13.88,24.00,25.88,710
2024-07-26 21:59:10,63.19,164.06,162.75,226.31,80.06,13.13,23.06,26.06,711
2024-07-26 21:59:40,51.19,163.88,162.94,225.75,79.88,13.69,23.44,26.25,712
2024-07-26 22:00:11,63.56,162.00,162.94,225.94,79.69,13.88,23.63,26.44,713
2024-07-26 22:00:41,49.13,164.44,160.69,224.06,79.31,13.50,24.56,26.25,714
2024-07-26 22:01:11,46.69,163.13,163.69,224.63,81.38,13.13,21.75,26.06,715
2024-07-26 22:01:41,47.06,163.88,163.69,225.19,79.69,13.31,23.44,26.06,716
2024-07-26 22:02:11,52.50,166.69,161.81,223.69,79.13,13.88,23.44,26.44,717
2024-07-26 22:02:41,56.06,169.88,161.63,223.88,79.31,15.00,24.00,27.19,718
2024-07-26 22:03:11,52.69,172.50,160.50,224.44,79.31,13.69,24.00,28.13,719
2024-07-26 22:03:41,61.50,175.69,161.63,224.81,78.56,13.50,23.44,28.69,720
2024-07-26 22:04:11,59.63,177.94,159.56,224.63,79.13,13.31,23.63,29.06,721
2024-07-26 22:04:41,67.31,175.88,160.88,224.81,78.38,12.75,24.38,29.06,722
2024-07-26 22:05:11,42.19,174.00,160.50,225.38,76.13,13.13,24.19,28.50,723
2024-07-26 22:05:41,74.63,171.75,161.44,225.56,76.88,13.13,23.44,27.94,724
2024-07-26 22:06:11,51.19,170.25,162.56,227.25,77.25,13.50,24.19,27.19,725
2024-07-26 22:06:41,53.44,165.56,163.50,225.94,76.69,14.25,23.63,26.44,726
2024-07-26 22:07:11,50.25,163.69,162.94,226.69,76.13,13.31,23.81,26.06,727
2024-07-26 22:07:41,61.31,165.19,165.75,227.81,79.88,13.13,25.50,26.25,728
2024-07-26 22:08:11,58.50,164.81,164.44,227.63,76.50,15.00,23.06,26.44,729
2024-07-26 22:08:42,59.63,166.69,165.75,228.19,78.19,14.06,24.00,26.06,730
2024-07-26 22:09:12,65.81,165.38,166.31,228.94,78.94,14.06,23.63,26.06,731
2024-07-26 22:09:42,43.31,165.75,166.69,228.56,78.38,13.50,24.19,26.06,732
2024-07-26 22:10:12,57.94,164.06,166.50,228.94,78.38,14.06,23.63,26.25,733
2024-07-26 22:10:42,49.88,162.00,167.25,229.88,77.81,13.69,24.38,26.44,734
2024-07-26 22:11:12,71.44,162.00,166.50,229.50,77.25,14.25,23.63,26.44,735
2024-07-26 22:11:42,56.06,163.31,166.69,229.69,78.19,14.06,24.38,26.63,736
2024-07-26 22:12:12,50.44,162.56,167.25,229.69,77.25,13.50,24.19,27.19,737
2024-07-26 22:12:42,72.00,162.00,166.88,229.69,78.75,13.50,23.63,27.19,738
2024-07-26 22:13:12,53.63,162.38,166.88,230.06,77.63,13.13,25.31,27.56,739
2024-07-26 22:13:42,54.38,162.19,165.38,230.06,78.19,13.69,23.06,27.94,740
2024-07-26 22:14:12,57.94,163.13,167.06,230.25,78.94,12.75,22.88,28.31,741
2024-07-26 22:14:42,69.75,164.06,165.00,229.88,76.88,12.38,23.81,28.50,742
2024-07-26 22:15:12,53.06,164.81,165.38,230.25,78.19,13.31,24.19,28.69,743
2024-07-26 22:15:42,63.00,165.56,164.63,230.06,76.69,13.88,23.81,29.06,744
2024-07-26 22:16:13,55.69,168.00,163.31,229.50,75.94,13.13,23.44,29.06,745
2024-07-26 22:16:43,61.31,167.44,163.88,230.06,77.06,12.00,23.63,29.25,746
2024-07-26 22:17:13,55.13,169.31,164.06,229.88,76.69,12.56,23.63,29.44,747
2024-07-26 22:17:43,55.31,171.19,165.38,229.69,76.88,13.31,23.63,29.06,748
2024-07-26 22:18:13,53.81,171.00,164.81,229.31,76.13,12.38,25.31,29.06,749
2024-07-26 22:18:43,61.88,174.75,163.88,228.19,76.50,15.19,24.19,28.88,750
2024-07-26 22:19:13,45.56,172.88,164.63,228.56,78.75,13.69,24.56,28.69,751
2024-07-26 22:19:43,53.44,173.81,163.69,228.75,78.94,13.13,22.31,28.31,752
2024-07-26 22:20:13,81.56,172.50,165.19,228.00,78.56,13.31,23.63,27.75,753
2024-07-26 22:20:43,63.94,174.00,165.75,228.56,78.00,13.88,25.50,27.38,754
2024-07-26 22:21:13,80.06,172.13,165.56,228.56,78.94,13.88,24.00,27.00,755
2024-07-26 22:21:43,74.06,170.63,165.56,228.19,78.00,13.50,21.94,26.44,756
2024-07-26 22:22:13,67.13,169.69,163.88,227.25,78.75,14.06,23.44,26.25,757
2024-07-26 22:22:43,64.31,167.63,166.50,227.25,79.13,13.31,23.63,26.06,758
2024-07-26 22:23:13,61.13,167.06,165.75,228.19,79.13,14.63,22.88,26.06,759
2024-07-26 22:23:43,57.00,163.69,165.19,227.25,79.50,13.31,23.25,26.06,760
2024-07-26 22:24:13,62.44,163.50,163.88,226.50,79.13,13.69,22.69,26.06,761
2024-07-26 22:24:44,63.94,162.75,165.19,225.94,78.75,14.25,23.44,26.06,762
2024-07-26 22:25:14,72.00,161.44,163.69,226.13,79.88,13.88,24.00,26.44,763
2024-07-26 22:25:44,42.56,162.75,162.75,225.38,78.19,13.69,24.00,26.25,764
2024-07-26 22:26:14,62.63,164.44,162.56,224.81,79.13,12.75,23.06,26.06,765
2024-07-26 22:26:44,55.50,164.63,164.25,225.75,79.88,14.25,23.81,26.06,766
2024-07-26 22:27:14,61.88,166.69,164.06,225.19,78.75,14.44,23.25,26.25,767
2024-07-26 22:27:44,58.31,169.31,162.38,225.19,78.94,14.63,23.25,27.19,768
2024-07-26 22:28:14,59.25,171.56,162.00,226.50,78.38,13.88,23.44,28.13,769
2024-07-26 22:28:44,66.56,175.88,160.31,225.94,79.13,13.31,23.44,28.88,770
2024-07-26 22:29:14,67.31,176.25,159.94,225.38,77.06,12.75,23.25,29.06,771
2024-07-26 22:29:44,59.81,174.00,159.75,224.81,78.56,14.44,23.63,28.88,772
2024-07-26 22:30:14,52.13,173.81,159.75,225.75,77.44,13.88,24.56,28.31,773
2024-07-26 22:30:44,51.00,169.88,160.50,225.94,75.56,12.75,24.56,27.19,774
2024-07-26 22:31:14,61.50,167.44,162.00,227.25,75.38,14.06,23.63,26.44,775
2024-07-26 22:31:44,41.44,163.31,164.44,228.00,76.88,14.25,23.63,26.06,776
2024-07-26 22:32:14,53.81,163.50,167.63,229.50,75.94,14.06,23.63,26.06,777
2024-07-26 22:32:44,66.38,162.56,167.06,228.56,78.94,14.81,23.63,26.44,778
2024-07-26 22:33:16,45.19,164.25,166.88,229.50,77.81,13.13,23.63,26.25,779
2024-07-26 22:33:45,59.63,162.94,167.06,229.31,78.75,14.25,23.44,26.06,780
2024-07-26 22:34:15,69.00,165.00,167.63,229.31,78.75,14.44,22.50,26.25,781
2024-07-26 22:34:45,57.19,163.69,167.63,230.25,78.38,13.13,24.00,26.25,782
2024-07-26 22:35:15,60.56,162.94,167.63,229.88,77.81,14.63,22.88,26.25,783
2024-07-26 22:35:45,48.75,160.13,166.50,228.94,77.06,14.44,26.44,26.44,784
2024-07-26 22:36:15,64.50,161.06,166.69,229.13,78.94,14.44,24.00,26.63,785
2024-07-26 22:36:45,48.75,160.50,167.81,229.69,77.81,15.38,24.38,27.00,786
2024-07-26 22:37:15,50.06,160.69,165.19,228.75,77.25,13.88,24.38,27.19,787
2024-07-26 22:37:45,39.00,160.88,165.94,229.13,77.81,12.75,23.44,27.38,788
2024-07-26 22:38:15,43.13,162.19,164.63,228.56,76.50,14.44,24.75,27.75,789
2024-07-26 22:38:45,54.00,162.56,164.25,228.75,76.88,12.94,23.25,27.94,790
2024-07-26 22:39:15,45.75,163.31,164.81,228.94,76.69,14.25,23.81,28.31,791
2024-07-26 22:39:45,32.63,164.44,163.50,228.56,76.69,13.50,23.63,28.50,792
2024-07-26 22:40:15,32.63,166.13,162.38,228.56,76.88,14.06,24.19,28.88,793
2024-07-26 22:40:45,35.81,167.63,162.19,228.00,78.00,13.13,24.38,29.06,794
2024-07-26 22:41:15,51.38,170.81,161.63,228.00,75.38,12.19,23.81,29.06,795
2024-07-26 22:41:45,73.69,170.81,161.63,227.44,77.44,12.94,24.00,29.44,796
2024-07-26 22:42:15,63.56,171.94,161.25,227.25,76.88,12.75,25.31,29.25,797
2024-07-26 22:42:45,43.69,173.06,162.56,227.25,77.81,12.75,23.25,29.06,798
2024-07-26 22:43:16,64.13,173.63,160.50,225.75,77.25,14.44,23.44,28.88,799
2024-07-26 22:43:46,56.44,175.69,162.00,226.69,78.00,14.25,23.63,28.69,800
2024-07-26 22:44:16,61.31,176.81,162.75,225.75,77.44,13.88,23.63,28.13,801
2024-07-26 22:44:46,69.56,176.44,161.81,226.50,76.50,14.06,24.38,27.75,802
2024-07-26 22:45:16,60.56,174.19,162.00,225.75,77.63,13.88,22.50,27.38,803
2024-07-26 22:45:46,72.94,173.44,164.25,227.44,78.38,13.50,23.44,27.00,804
2024-07-26 22:46:16,48.94,170.44,165.00,227.81,78.94,13.88,22.88,26.63,805
2024-07-26 22:46:46,47.44,170.06,163.50,227.25,80.06,14.06,24.00,26.06,806
2024-07-26 22:47:16,55.69,168.00,165.56,227.81,79.50,13.88,24.19,26.06,807
2024-07-26 22:47:46,76.13,166.31,163.31,226.88,79.69,13.50,23.06,25.88,808
2024-07-26 22:48:16,74.25,164.63,165.56,226.31,78.00,14.25,23.25,25.88,809
2024-07-26 22:48:46,80.44,163.50,165.00,226.50,78.56,14.25,23.44,26.06,810
2024-07-26 22:49:16,72.56,163.50,166.31,226.31,78.19,14.25,23.06,26.25,811
2024-07-26 22:49:46,41.25,162.56,162.00,224.63,78.94,14.06,23.63,26.44,812
2024-07-26 22:50:16,46.13,161.81,161.63,223.88,78.00,14.06,22.13,26.25,813
2024-07-26 22:50:46,64.88,162.75,160.50,223.50,78.75,12.19,24.00,26.25,814
2024-07-26 22:51:16,50.63,163.88,161.81,224.81,76.88,13.69,23.06,26.06,815
2024-07-26 22:51:46,51.94,165.38,162.00,224.81,77.06,14.81,24.00,26.25,816
2024-07-26 22:52:16,63.38,168.00,161.81,223.88,78.19,13.69,23.25,26.81,817
2024-07-26 22:52:46,54.56,171.75,162.19,223.31,78.00,14.25,24.75,27.56,818
2024-07-26 22:53:17,60.94,173.25,161.25,223.88,78.00,13.69,23.25,28.31,819
2024-07-26 22:53:47,61.31,176.81,161.25,223.88,77.81,14.44,24.56,28.88,820
2024-07-26 22:54:17,43.31,175.88,158.44,223.88,77.63,12.94,24.00,29.25,821
2024-07-26 22:54:47,54.00,174.94,158.81,224.81,75.00,13.88,23.81,28.88,822
2024-07-26 22:55:17,50.81,173.06,159.94,225.56,75.38,12.75,23.63,28.31,823
2024-07-26 22:55:47,43.88,168.94,162.38,226.13,75.19,13.13,24.75,27.19,824
2024-07-26 22:56:17,41.06,166.13,162.38,227.44,75.00,15.75,23.81,26.25,825
2024-07-26 22:56:47,51.56,164.63,163.88,225.94,74.63,14.44,23.81,26.25,826
2024-07-26 22:57:17,74.81,162.38,165.00,227.06,76.69,15.38,23.06,26.06,827
2024-07-26 22:57:47,52.31,165.19,164.44,227.06,76.88,16.31,24.19,26.25,828
2024-07-26 22:58:17,67.50,165.75,165.00,228.00,77.06,14.44,22.88,26.06,829
2024-07-26 22:58:47,34.88,163.50,167.63,228.75,77.81,13.31,24.38,26.25,830
2024-07-26 22:59:17,58.31,163.69,166.31,229.31,77.63,13.31,23.25,26.06,831
2024-07-26 22:59:47,52.31,162.00,163.50,228.00,77.81,13.13,23.81,26.44,832
2024-07-26 23:00:17,57.94,162.00,165.75,228.56,78.56,14.06,24.56,26.44,833
2024-07-26 23:00:47,54.19,161.06,165.75,228.19,78.38,14.06,24.56,26.63,834
2024-07-26 23:01:17,45.94,162.75,165.19,229.31,77.63,14.25,24.94,27.00,835
2024-07-26 23:01:47,57.00,161.25,166.50,230.63,78.38,14.44,24.75,27.38,836
2024-07-26 23:02:17,74.25,162.56,167.63,229.88,77.06,14.06,22.88,27.56,837
2024-07-26 23:02:47,49.69,161.25,166.69,229.69,75.75,14.06,23.44,27.94,838
2024-07-26 23:03:18,70.50,160.88,166.31,229.13,75.19,13.69,24.00,28.13,839
2024-07-26 23:03:48,48.56,163.13,165.19,229.31,76.88,13.13,23.06,28.31,840
2024-07-26 23:04:18,53.44,164.25,165.38,229.50,76.31,15.00,23.63,28.69,841
2024-07-26 23:04:48,61.69,163.69,164.63,228.94,75.00,12.56,22.88,28.88,842
2024-07-26 23:05:18,60.00,167.25,165.94,229.50,75.38,14.06,24.94,29.06,843
2024-07-26 23:05:48,53.63,165.38,165.75,229.13,75.94,12.94,24.38,29.44,844
2024-07-26 23:06:18,45.38,168.56,163.31,229.13,76.13,14.06,24.56,29.25,845
2024-07-26 23:06:48,50.06,169.69,165.00,229.13,75.19,13.31,24.56,29.06,846
2024-07-26 23:07:18,65.25,171.38,163.31,228.56,76.88,14.25,23.25,28.88,847
2024-07-26 23:07:48,67.31,172.31,163.50,229.13,76.50,12.00,24.38,28.88,848
2024-07-26 23:08:18,64.69,175.50,163.88,228.38,76.88,12.56,23.63,28.50,849
2024-07-26 23:08:48,54.38,173.44,163.88,228.19,77.06,13.31,24.94,28.13,850
2024-07-26 23:09:18,66.19,172.88,165.00,228.94,78.00,13.88,23.44,27.75,851
2024-07-26 23:09:48,58.69,173.06,164.63,228.56,76.69,12.56,23.06,27.38,852
2024-07-26 23:10:18,56.81,171.00,164.63,227.44,78.00,13.31,24.00,26.81,853
2024-07-26 23:10:51,61.31,170.81,165.19,228.56,77.63,13.50,25.69,26.63,854
2024-07-26 23:11:18,60.00,168.00,165.19,227.81,78.00,14.25,22.88,26.44,855
2024-07-26 23:11:48,56.25,167.63,165.56,227.44,78.38,14.25,23.44,26.06,856
2024-07-26 23:12:18,47.44,165.38,165.19,227.81,78.00,14.25,25.13,25.88,857
2024-07-26 23:12:49,67.13,165.00,165.94,228.56,77.25,14.06,23.63,25.69,858
2024-07-26 23:13:19,55.31,161.81,165.94,228.19,78.38,14.44,23.25,25.88,859
2024-07-26 23:13:49,61.50,161.63,165.38,228.19,77.63,14.63,25.31,26.25,860
2024-07-26 23:14:19,51.56,162.00,165.19,227.25,78.00,15.00,24.00,26.25,861
2024-07-26 23:14:49,78.00,162.75,164.25,226.13,76.31,14.81,23.63,26.25,862
2024-07-26 23:15:19,60.00,162.19,164.06,226.13,76.88,14.81,22.88,26.06,863
2024-07-26 23:15:49,68.06,164.25,163.13,225.38,77.25,15.75,23.25,26.06,864
2024-07-26 23:16:19,82.13,165.38,162.38,225.19,75.94,14.25,23.44,26.25,865
2024-07-26 23:16:49,80.63,169.31,163.13,225.38,78.56,13.50,24.19,27.00,866
2024-07-26 23:17:19,79.88,171.38,161.06,224.25,76.69,13.31,23.06,27.94,867
2024-07-26 23:17:49,68.81,174.56,159.38,224.25,77.06,13.88,23.25,28.88,868
2024-07-26 23:18:19,68.06,176.25,159.75,224.44,76.50,12.56,22.88,29.06,869
2024-07-26 23:18:49,65.63,174.38,159.38,225.94,76.31,12.38,23.25,29.06,870
2024-07-26 23:19:19,62.44,174.19,161.06,225.94,76.88,13.13,24.19,28.69,871
2024-07-26 23:19:49,52.88,168.38,160.69,226.88,74.63,13.69,23.25,27.94,872
2024-07-26 23:20:19,52.69,166.13,161.63,226.69,74.25,12.56,23.44,27.00,873
2024-07-26 23:20:49,53.06,164.25,162.94,227.63,74.63,14.63,22.88,26.06,874
2024-07-26 23:21:19,58.50,162.56,165.94,229.31,75.00,13.69,25.88,26.06,875
2024-07-26 23:21:49,55.69,162.94,166.31,229.31,76.31,14.63,23.44,26.06,876
2024-07-26 23:22:22,47.63,163.31,167.81,230.06,76.50,13.88,23.25,26.25,877
2024-07-26 23:22:50,51.94,164.25,166.31,230.06,76.50,14.06,24.38,26.06,878
2024-07-26 23:23:20,54.75,163.13,166.88,230.44,77.06,16.13,24.00,26.06,879
2024-07-26 23:23:50,57.00,162.56,167.06,229.50,77.81,13.13,23.63,26.06,880
2024-07-26 23:24:20,57.38,164.06,166.88,229.88,76.88,13.13,23.25,26.06,881
2024-07-26 23:24:50,59.06,162.38,168.19,229.31,78.38,14.06,24.00,26.44,882
2024-07-26 23:25:20,70.69,160.13,167.44,229.69,76.50,14.63,23.25,26.63,883
2024-07-26 23:25:50,49.31,159.75,169.69,230.63,76.69,13.69,24.00,27.00,884
2024-07-26 23:26:20,42.19,161.63,167.81,230.44,75.56,13.13,24.75,27.19,885
2024-07-26 23:26:50,50.63,159.75,168.94,230.25,77.81,13.31,23.25,27.38,886
2024-07-26 23:27:20,72.19,159.19,166.50,229.88,77.25,14.06,23.25,27.94,887
2024-07-26 23:27:50,50.81,162.38,166.88,230.44,76.13,13.50,24.38,28.13,888
2024-07-26 23:28:20,49.69,163.31,168.19,229.88,75.56,12.94,23.63,28.50,889
2024-07-26 23:28:50,63.38,163.31,164.63,229.88,76.50,12.56,23.81,28.88,890
2024-07-26 23:29:20,54.56,162.94,164.81,229.88,74.44,12.75,23.81,29.06,891
2024-07-26 23:29:50,54.75,166.50,164.81,229.13,75.38,13.13,23.44,29.06,892
2024-07-26 23:30:20,60.38,167.81,163.50,229.13,76.50,14.06,23.81,29.25,893
2024-07-26 23:30:51,49.31,168.56,164.25,228.75,76.69,12.94,24.75,29.25,894
2024-07-26 23:31:21,48.75,169.13,164.06,228.75,76.88,12.94,23.06,29.25,895
2024-07-26 23:31:51,58.31,170.44,163.13,229.13,77.06,12.56,24.00,29.06,896
2024-07-26 23:32:21,73.88,172.50,163.69,228.94,75.56,13.69,23.44,28.69,897
2024-07-26 23:32:51,66.94,173.44,164.06,228.00,76.50,13.69,23.06,28.69,898
2024-07-26 23:33:21,57.56,171.94,164.63,228.56,76.69,14.25,23.63,27.94,899
2024-07-26 23:33:51,64.31,173.44,164.81,228.38,78.19,13.50,24.75,27.94,900
2024-07-26 23:34:21,50.06,172.88,164.63,228.00,78.00,13.88,23.25,27.38,901
2024-07-26 23:34:51,62.63,170.63,164.81,227.81,78.19,13.88,22.69,27.00,902
2024-07-26 23:35:21,50.44,169.31,165.56,228.75,77.25,15.38,24.19,26.81,903
2024-07-26 23:35:51,54.75,167.25,165.00,227.81,78.75,13.69,23.63,26.25,904
2024-07-26 23:36:21,55.69,167.25,165.19,226.69,78.75,13.50,24.00,26.25,905
2024-07-26 23:36:51,55.50,165.19,163.13,225.75,79.50,14.06,23.81,25.88,906
2024-07-26 23:37:21,55.88,164.44,165.38,227.44,78.75,13.69,22.88,26.06,907
2024-07-26 23:37:51,51.00,163.88,163.13,225.19,78.94,13.50,22.50,26.06,908
2024-07-26 23:38:21,45.38,162.00,162.94,225.75,77.63,13.50,24.00,26.25,909
2024-07-26 23:38:51,51.56,162.19,161.81,224.44,78.94,15.75,22.50,26.25,910
2024-07-26 23:39:21,58.31,162.00,161.63,224.81,77.81,13.69,24.38,26.06,911
2024-07-26 23:39:51,45.75,162.56,161.44,223.69,78.19,14.25,23.06,25.88,912
2024-07-26 23:40:21,56.81,164.06,162.38,223.69,77.81,15.19,23.63,25.88,913
2024-07-26 23:40:51,54.38,169.13,163.31,224.06,78.75,14.25,23.44,26.44,914
2024-07-26 23:41:21,72.38,169.69,161.81,224.44,78.00,13.50,22.69,27.19,915
2024-07-26 23:41:51,63.75,173.81,160.69,224.44,77.63,14.25,24.00,28.31,916
2024-07-26 23:42:22,68.06,174.94,160.88,223.88,77.25,13.69,22.69,28.88,917
2024-07-26 23:42:52,64.69,176.25,159.56,223.88,77.25,13.69,24.38,29.06,918
2024-07-26 23:43:22,55.31,173.63,159.56,223.88,76.13,13.31,24.75,28.69,919
2024-07-26 23:43:52,73.69,171.94,160.69,224.63,74.44,12.94,23.44,27.94,920
2024-07-26 23:44:22,66.19,167.44,159.75,224.44,74.06,14.44,24.00,26.81,921
2024-07-26 23:44:52,51.19,165.00,162.00,224.81,74.63,13.50,23.44,26.25,922
2024-07-26 23:45:22,50.81,162.56,163.88,225.56,75.38,14.44,23.63,26.06,923
2024-07-26 23:45:52,54.94,164.06,163.13,225.75,76.13,14.63,23.81,26.25,924
2024-07-26 23:46:22,63.00,165.38,163.88,226.31,76.31,14.06,22.69,26.63,925
2024-07-26 23:46:52,65.44,165.38,165.38,228.56,76.69,14.25,21.94,26.63,926
2024-07-26 23:47:22,44.06,167.63,166.50,228.38,76.88,14.63,24.00,26.25,927
2024-07-26 23:47:52,49.69,164.81,165.56,228.75,78.38,13.69,23.25,26.44,928
2024-07-26 23:48:22,49.88,163.69,165.75,229.88,78.00,13.50,23.44,26.06,929
2024-07-26 23:48:52,51.19,164.25,166.31,229.13,78.19,13.50,24.00,26.06,930
2024-07-26 23:49:22,40.69,163.88,168.38,228.19,77.81,13.50,23.81,26.06,931
2024-07-26 23:49:52,38.06,164.06,166.88,228.19,78.00,13.50,24.56,26.25,932
2024-07-26 23:50:22,48.94,162.94,166.13,229.69,78.19,14.06,23.06,26.44,933
2024-07-26 23:50:52,43.69,162.75,166.13,227.63,77.25,13.69,24.00,26.63,934
2024-07-26 23:51:22,56.81,163.31,166.13,227.44,79.13,13.31,25.13,27.00,935
2024-07-26 23:51:52,50.06,162.38,165.00,228.00,76.69,12.75,23.63,27.19,936
2024-07-26 23:52:23,45.56,162.38,166.13,228.19,77.63,13.31,24.19,27.56,937
2024-07-26 23:52:53,67.69,162.38,164.25,228.75,78.00,12.75,22.88,27.94,938
2024-07-26 23:53:23,48.75,162.75,163.88,228.75,77.81,14.25,23.25,28.13,939
2024-07-26 23:53:53,45.00,166.50,163.69,229.31,76.31,14.06,24.75,28.50,940
2024-07-26 23:54:23,51.94,165.56,162.94,229.13,77.81,13.69,24.56,28.69,941
2024-07-26 23:54:53,59.06,166.69,161.63,228.19,76.50,12.94,23.25,29.06,942
2024-07-26 23:55:23,63.94,170.81,160.69,227.06,76.69,14.63,25.31,29.25,943
2024-07-26 23:55:53,62.06,171.56,160.88,227.25,75.94,12.38,24.75,29.25,944
2024-07-26 23:56:23,58.13,174.75,159.56,227.25,76.31,12.94,23.44,29.25,945
2024-07-26 23:56:53,50.25,174.94,160.31,226.13,78.56,14.63,24.38,29.06,946
2024-07-26 23:57:23,55.50,175.31,162.00,226.50,77.81,12.38,23.81,28.88,947
2024-07-26 23:57:53,52.88,173.63,162.56,225.94,78.19,14.44,23.06,28.69,948
2024-07-26 23:58:23,63.75,174.75,160.88,225.38,77.81,13.50,24.94,28.13,949
2024-07-26 23:58:53,63.75,174.75,163.13,225.19,78.94,12.75,24.56,27.94,950
2024-07-26 23:59:23,70.50,173.63,162.00,225.75,78.56,12.56,25.13,27.38,951
2024-07-26 23:59:56,47.81,172.31,161.44,225.38,78.38,14.44,23.06,27.19,952
